HDI Rank,Country,1980,1985,1990,1995,2000,2005,2006,2007,2008,2009,2010,2011,2012,2013
169,Afghanistan,0.0761,0.103083333,0.121388889,0.175288889,0.225522222,0.2974,0.308986667,0.320573333,0.33216,0.343746667,0.357,0.365333333,0.365333333,0.365333333
95,Albania,0.540588889,0.527776677,0.537186688,0.528693858,0.565465051,0.59467023,0.596323054,0.597975879,0.599628703,0.600651723,0.601674743,0.608519363,0.608519363,0.608519363
93,Algeria,0.321377778,0.347177778,0.382388889,0.424366667,0.493488889,0.562566667,0.570237778,0.580686667,0.59808,0.615473333,0.631477778,0.642588889,0.642588889,0.642588889
37,Andorra,..,..,..,..,..,..,..,..,..,..,0.670286667,0.670286667,0.670286667,0.670286667
149,Angola,..,..,..,..,0.298712356,0.364684578,0.379923409,0.39516224,0.410401071,0.425639902,0.440878733,0.474212067,0.474212067,0.474212067
61,Antigua and Barbuda,..,..,..,..,..,..,..,..,..,..,0.686696889,0.681141333,0.681141333,0.681141333
49,Argentina,0.537922222,0.597666667,0.627344444,0.647538889,0.71066529,0.725752142,0.730040456,0.728692115,0.731550991,0.756145503,0.783355597,0.783355597,0.783355597,0.783355597
87,Armenia,..,..,0.632955556,0.630966667,0.668266667,0.670877778,0.684753333,0.701406667,0.690282222,0.70138,0.701366667,0.701366667,0.701366667,0.701366667
2,Australia,0.869533333,0.869866667,0.874466667,0.894366667,0.8954,0.902473292,0.905155501,0.907440197,0.912784703,0.915800031,0.918815358,0.921830685,0.92653552,0.92653552
21,Austria,0.591807778,0.613974444,0.661247778,0.699221111,0.729521111,0.746909887,0.755868559,0.759271676,0.771008127,0.779966799,0.794481027,0.794481027,0.794481027,0.794481027
76,Azerbaijan,..,..,..,..,0.637532526,0.667330364,0.673289931,0.679249499,0.679459307,0.68662475,0.697,0.699777778,0.699777778,0.699777778
51,Bahamas,..,..,..,..,0.668040509,0.708358287,0.708187731,0.713954676,0.713954676,0.713954676,0.713954676,0.713954676,0.713954676,0.713954676
44,Bahrain,0.425088889,0.534944444,0.574248148,0.618922222,0.656138889,0.711011111,0.702713333,0.705526667,0.70834,0.711153333,0.713966667,0.713966667,0.713966667,0.713966667
142,Bangladesh,0.201944444,0.218988889,0.250988889,0.291881481,0.330374074,0.381457364,0.388430869,0.395404374,0.396822324,0.41490694,0.432991556,0.446880445,0.446880445,0.446880445
59,Barbados,0.549155556,0.6118,0.627933333,0.661541975,0.683811111,0.714266667,0.719646667,0.725026667,0.735962222,0.746897778,0.742555556,0.739777778,0.739777778,0.739777778
53,Belarus,..,..,..,..,..,0.717166667,0.737841277,0.758515888,0.779190499,0.811650831,0.811650831,0.817206387,0.819984164,0.819984164
21,Belgium,0.626016667,0.654598889,0.704663333,0.804402222,0.834773333,0.791948889,0.793795227,0.795641564,0.797487902,0.802112017,0.806736133,0.812291688,0.812291688,0.812291688
54,Belize,0.538053333,0.548053333,0.56272,0.578053333,0.60343,0.659777778,0.6756,0.677533333,0.679466667,0.675844444,0.675,0.677777778,0.688888889,0.688888889
165,Benin,0.143855556,0.1863,0.201394444,0.235488889,0.2687,0.338666667,0.351514815,0.364362963,0.377211111,0.390059259,0.402907407,0.413555556,0.413555556,0.413555556
136,Bhutan,..,..,..,..,..,..,..,..,..,..,0.410133333,0.421244444,0.421244444,0.421244444
113,Bolivia (Plurinational State of),0.411214656,0.466498933,0.527849878,0.577000822,0.620388889,0.653555556,0.654627778,0.6557,0.661633333,0.667566667,0.6735,0.6735,0.6735,0.6735
86,Bosnia and Herzegovina,..,..,..,..,..,0.652988889,0.650696975,0.648305061,0.651568702,0.649276788,0.649762652,0.655318208,0.655318208,0.655318208
109,Botswana,0.281855556,0.362977778,0.45855,0.515944444,0.5761,0.607333333,0.603,0.607,0.611,0.615,0.619,0.619,0.619,0.619
79,Brazil,0.361502472,0.415114208,0.463059278,0.523537681,0.581495617,0.614377778,0.62678879,0.639199801,0.656958599,0.657925616,0.662462812,0.661305629,0.661305629,0.661305629
30,Brunei Darussalam,0.5194,0.540933333,0.588696296,0.625672222,0.646455556,0.671566667,0.681786667,0.680895556,0.677226667,0.681891111,0.678222222,0.681,0.692111111,0.692111111
58,Bulgaria,0.578594444,0.609873333,0.631507778,0.646057778,0.676223333,0.709598392,0.71311571,0.724966362,0.72848368,0.734778776,0.746629427,0.749407205,0.749407205,0.749407205
181,Burkina Faso,..,..,..,..,..,0.172255556,0.177811111,0.1917,0.205588889,0.2167,0.227811111,0.2417,0.250033333,0.250033333
180,Burundi,0.086233333,0.1353,0.170155556,0.1818,0.186627778,0.242366667,0.281244444,0.303455556,0.327055556,0.350655556,0.370088889,0.370088889,0.370088889,0.370088889
136,Cambodia,0.352911111,0.358111111,0.362944444,0.372185714,0.400311111,0.4779,0.485244444,0.4912,0.494377778,0.494777778,0.495177778,0.495177778,0.495177778,0.495177778
152,Cameroon,0.264744444,0.300366667,0.336422222,0.343944444,0.356522222,0.408311111,0.406028889,0.428746667,0.445908889,0.463071111,0.480233333,0.485788889,0.485788889,0.485788889
8,Canada,0.749433333,0.763033333,0.808755556,0.826444444,0.807522222,0.853166667,0.852593333,0.85202,0.851446667,0.850873333,0.8503,0.8503,0.8503,0.8503
123,Cape Verde,..,..,..,..,0.441805633,0.441805633,0.461250078,0.4584723,0.464027856,0.466805633,0.472355556,0.483466667,0.483466667,0.483466667
185,Central African Republic,0.175533333,0.207633333,0.212777778,0.211055556,0.248337037,0.280022222,0.285507778,0.290993333,0.296478889,0.301964444,0.310922222,0.317866667,0.317866667,0.317866667
184,Chad,..,..,..,..,0.186407478,0.203074144,0.210481552,0.217888959,0.225296367,0.236407478,0.236407478,0.255851922,0.255851922,0.255851922
41,Chile,0.527855556,0.575733333,0.625014815,0.615244444,0.6501,0.707038572,0.705270036,0.717390389,0.739643764,0.737103955,0.740119701,0.745675257,0.745675257,0.745675257
91,China,0.3582,0.366055556,0.406144444,0.436044444,0.477638889,0.531396296,0.543902222,0.561037778,0.575395556,0.589753333,0.598555556,0.609666667,0.609666667,0.609666667
98,Colombia,0.386511111,0.406322222,0.438777778,0.489211111,0.536111111,0.573710256,0.579647403,0.591067256,0.603385205,0.609410885,0.610555744,0.613333522,0.602222411,0.602222411
159,Comoros,..,..,..,..,..,0.401808644,0.408753089,0.415697533,0.422641978,0.429586422,0.436530867,0.443475311,0.450419756,0.450419756
140,Congo,0.440066667,0.463688889,0.456244444,0.444511111,0.409933333,0.459023457,0.467016296,0.475009136,0.483001975,0.490994815,0.498987654,0.505160494,0.511333333,0.511333333
186,Congo (Democratic Republic of the),0.241411111,0.2493,0.253201587,0.271866667,0.297203704,0.316074074,0.319714815,0.323355556,0.345977778,0.349155556,0.355111111,0.360666667,0.371777778,0.371777778
68,Costa Rica,0.445466667,0.463555556,0.503422222,0.545583333,0.584159259,0.593622222,0.602415059,0.611207897,0.627481853,0.63728311,0.640488946,0.651884651,0.653921604,0.653921604
171,Cote d'Ivoire,0.204144444,0.217311111,0.231888889,0.260944444,0.301916667,0.342555556,0.350916667,0.359277778,0.367638889,0.376,0.384361111,0.389222222,0.389222222,0.389222222
47,Croatia,..,..,0.497396319,0.553154104,0.655828791,0.70837033,0.718697688,0.729025045,0.736574626,0.744124206,0.760007119,0.770334477,0.770334477,0.770334477
44,Cuba,0.553177778,0.586022222,0.6245,0.620488889,0.660155556,0.735122222,0.770562222,0.803224444,0.81922,0.818548889,0.7901,0.767877778,0.742877778,0.742877778
32,Cyprus,0.465133333,0.512744444,0.545588889,0.654655556,0.676164902,0.731007581,0.739863441,0.751497078,0.765124872,0.778406143,0.764748881,0.770811197,0.776198377,0.776198377
28,Czech Republic,..,0.688988889,0.692722222,0.725577778,0.782677778,0.850088889,0.84776,0.853764444,0.851435556,0.860217778,0.863444444,0.866222222,0.866222222,0.866222222
10,Denmark,0.672218889,0.703861111,0.71133,0.751004444,0.803716278,0.864254799,0.863191273,0.864905524,0.866619775,0.868334026,0.872826055,0.872826055,0.872826055,0.872826055
170,Djibouti,..,..,..,..,..,0.247544444,0.2531,0.266988889,0.2781,0.283655556,0.294766667,0.305877778,0.305877778,0.305877778
93,Dominica,..,..,..,..,0.61705439,0.61705439,0.61705439,0.61705439,0.607498001,0.607498001,0.607498001,0.607498001,0.607498001,0.607498001
102,Dominican Republic,0.393130707,0.45234447,0.481013889,0.510127246,0.539739218,0.5758902,0.579026505,0.582162809,0.582725567,0.583288325,0.583851083,0.586845128,0.590170542,0.590170542
98,Ecuador,0.507444444,0.550266667,0.554533333,0.545754722,0.547010556,0.582970833,0.585144167,0.5873175,0.589490833,0.591664167,0.5938375,0.5938375,0.5938375,0.5938375
110,Egypt,0.279444444,0.348633333,0.385544444,0.433766667,0.485988889,0.525222222,0.534422222,0.543622222,0.552822222,0.562022222,0.573444444,0.573444444,0.573444444,0.573444444
115,El Salvador,0.3173,0.340316667,0.366988889,0.412557152,0.46914978,0.528114675,0.530574306,0.529831282,0.531281217,0.536777539,0.540886972,0.547774182,0.553261879,0.553261879
144,Equatorial Guinea,..,..,..,..,0.414911111,0.414911111,0.414911111,0.414911111,0.414911111,0.414911111,0.414911111,0.414911111,0.414911111,0.414911111
182,Eritrea,..,..,..,..,..,..,..,..,..,..,0.227513722,0.227513722,0.227513722,0.227513722
33,Estonia,..,..,0.674222222,0.704655556,0.807666667,0.855133333,0.853035556,0.853715556,0.851617778,0.852297778,0.858533333,0.858533333,0.858533333,0.858533333
173,Ethiopia,..,..,..,..,0.168649644,0.232538533,0.252020308,0.281042718,0.300524493,0.305191453,0.300317778,0.313744195,0.316521973,0.316521973
88,Fiji,0.498166667,0.51679,0.55664937,0.608793414,0.670839824,0.693529543,0.709511067,0.723082762,0.735180031,0.747277301,0.75937457,0.766517427,0.766517427,0.766517427
24,Finland,0.644511111,0.665166667,0.6907,0.758011111,0.765366667,0.811566667,0.815604444,0.814086667,0.815346667,0.808273333,0.812311111,0.815088889,0.815088889,0.815088889
20,France,0.543104444,0.570518889,0.632524444,0.728363953,0.760927806,0.789654064,0.791566298,0.796256309,0.799882878,0.802689065,0.807183139,0.812564956,0.815549416,0.815549416
112,Gabon,0.380444444,0.433885185,0.473566667,0.510222222,0.545166667,0.570833333,0.574533333,0.578233333,0.581933333,0.585633333,0.589333333,0.589333333,0.589333333,0.589333333
172,Gambia,0.162000556,0.171133889,0.191166667,0.209866667,0.255696581,0.307226496,0.318065812,0.328905128,0.339744444,0.342677778,0.345611111,0.345611111,0.345611111,0.345611111
79,Georgia,..,..,..,..,..,0.753666667,0.750888889,0.767555556,0.759222222,0.770333333,0.770333333,0.770333333,0.770333333,0.770333333
6,Germany,0.590333333,0.599533333,0.645877778,0.7388,0.7873,0.858009607,0.872151528,0.874939627,0.87747782,0.878565114,0.878844837,0.884371952,0.884371952,0.884371952
138,Ghana,0.327333333,0.357833333,0.503244444,0.4107,0.432522222,0.459566667,0.476535556,0.496282222,0.516028889,0.521886667,0.534688889,0.544411111,0.552744444,0.552744444
29,Greece,0.54345,0.595007778,0.59629,0.636618889,0.680084444,0.793650913,0.802566232,0.792037106,0.793609492,0.795299021,0.796988551,0.796988551,0.796988551,0.796988551
79,Grenada,..,..,..,..,..,..,..,..,..,..,0.723975689,0.723975689,0.723975689,0.723975689
125,Guatemala,0.247366667,0.261877778,0.290107937,0.318221778,0.365338751,0.398678312,0.40940569,0.428299538,0.439415609,0.450531679,0.461647749,0.472763819,0.483879889,0.483879889
179,Guinea,..,..,..,..,..,0.252778067,0.266666956,0.277778067,0.280555844,0.280555844,0.2861114,0.291666956,0.294444733,0.294444733
177,Guinea-Bissau,..,..,..,..,..,0.314222222,0.325333333,0.325333333,0.325333333,0.325333333,0.325333333,0.325333333,0.325333333,0.325333333
121,Guyana,0.463344444,0.482155556,0.512054889,0.531356833,0.553425444,0.587311111,0.580902222,0.574493333,0.575028889,0.572786667,0.5761,0.581655556,0.581655556,0.581655556
168,Haiti,0.188568333,0.253184722,0.28491625,0.307196979,0.331144374,0.355258436,0.359054582,0.362850728,0.366646874,0.371331111,0.374277778,0.374277778,0.374277778,0.374277778
129,Honduras,0.309755556,0.347174035,0.354499922,0.382620062,0.419294478,0.458039516,0.465750876,0.473462235,0.483152987,0.492380775,0.501608564,0.506669686,0.504963149,0.504963149
15,"Hong Kong, China (SAR)",0.530055556,0.589162,0.626105333,0.639348667,0.647792,0.682944444,0.689828889,0.71338,0.748042222,0.757704444,0.759033333,0.761811111,0.767366667,0.767366667
43,Hungary,0.603922222,0.6254,0.596666667,0.700455556,0.754902628,0.792683034,0.796791848,0.798122883,0.799453919,0.800784955,0.807671546,0.804893768,0.804893768,0.804893768
13,Iceland,0.598133333,0.639033333,0.673211111,0.732455556,0.785633333,0.8293,0.832813333,0.836326667,0.83984,0.843353333,0.846866667,0.846866667,0.846866667,0.846866667
135,India,0.240111111,0.282411111,0.31067037,0.339488889,0.355377778,0.408955556,0.419614444,0.430273333,0.441626667,0.444646667,0.456,0.472666667,0.472666667,0.472666667
108,Indonesia,0.344533333,0.392422222,0.392866667,0.4242,0.521346532,0.559317614,0.564134052,0.565429661,0.566892661,0.587970061,0.594164162,0.603136041,0.603136041,0.603136041
75,Iran (Islamic Republic of),0.309139444,0.332972778,0.381885556,0.4766,0.526477778,0.553644444,0.570162222,0.58668,0.605975556,0.616937778,0.625122222,0.639011111,0.683455556,0.683455556
120,Iraq,0.341,0.341688889,0.362055556,0.380877778,0.400666667,0.456322222,0.458368889,0.460415556,0.462462222,0.464508889,0.466555556,0.466555556,0.466555556,0.466555556
11,Ireland,0.632533333,0.666088889,0.696733333,0.743388889,0.836588889,0.865977778,0.867417778,0.879968889,0.884186667,0.885626667,0.887066667,0.887066667,0.887066667,0.887066667
19,Israel,0.675133333,0.705666667,0.713644444,0.764270645,0.819810883,0.848262796,0.845843937,0.848980633,0.843783996,0.846920692,0.847967317,0.851288075,0.85426783,0.85426783
26,Italy,0.542072222,0.556251111,0.592051111,0.650003333,0.695473333,0.761746439,0.768409423,0.775072406,0.778957611,0.780065038,0.783950244,0.789505799,0.789505799,0.789505799
96,Jamaica,0.4831,0.496177778,0.5271,0.563933333,0.588044444,0.648188889,0.652222222,0.656255556,0.660288889,0.664322222,0.668355556,0.668355556,0.668355556,0.668355556
17,Japan,0.662626667,0.681323333,0.699044444,0.739786643,0.766997045,0.784888889,0.790066667,0.792466667,0.794866667,0.800044444,0.802444444,0.808,0.808,0.808
77,Jordan,0.432855556,0.466166667,0.495133333,0.644324781,0.670799478,0.707470289,0.705921251,0.70714999,0.713934286,0.708218581,0.702502876,0.699725098,0.699725098,0.699725098
70,Kazakhstan,0.533655556,0.581166667,0.606266667,0.633433333,0.682811111,0.7553,0.759471111,0.758086667,0.75948,0.755317778,0.753933333,0.759488889,0.762266667,0.762266667
147,Kenya,0.3481,0.368822222,0.391583333,0.414315385,0.431166667,0.466777778,0.471888889,0.490888889,0.501555556,0.512222222,0.514555556,0.514555556,0.514555556,0.514555556
133,Kiribati,..,..,..,..,..,..,..,..,..,..,0.602070533,0.602070533,0.602070533,0.602070533
,Korea (Democratic People's Republic of),..,..,..,..,..,..,..,..,..,..,..,..,..,..
15,Korea (Republic of),0.565088889,0.638388889,0.678822222,0.7426,0.797144444,0.837025166,0.84252206,0.848018954,0.853515848,0.856234964,0.861731858,0.864509636,0.864509636,0.864509636
46,Kuwait,0.453711111,0.514288889,0.470855556,0.523708405,0.636716936,0.608720207,0.609646469,0.612372722,0.619348054,0.625957916,0.632567777,0.639177638,0.645787499,0.645787499
125,Kyrgyzstan,..,..,0.598011111,0.578366667,0.634077778,0.655866667,0.659284444,0.659924444,0.657786667,0.652871111,0.650733333,0.656288889,0.656288889,0.656288889
139,Lao People's Democratic Republic,0.246,0.255788889,0.288211111,0.310266667,0.352055556,0.385177778,0.390315556,0.395453333,0.403368889,0.414062222,0.421977778,0.435866667,0.435866667,0.435866667
48,Latvia,0.579954444,0.604976667,0.60134,0.622464444,0.708694444,0.796264499,0.803538057,0.813589392,0.823640728,0.822580953,0.821521177,0.813187844,0.813187844,0.813187844
65,Lebanon,..,..,..,..,..,0.633353901,0.62224279,0.625020568,0.625020568,0.627798346,0.627798346,0.633353901,0.630576124,0.630576124
162,Lesotho,0.351637778,0.39456,0.414083333,0.42925,0.449477778,0.473505556,0.477413904,0.483174104,0.488934304,0.494694504,0.500454704,0.502306556,0.504158407,0.504158407
175,Liberia,0.17034775,0.215683722,0.264419694,0.312089,0.343977778,0.349377778,0.352951111,0.356524444,0.360097778,0.363671111,0.367244444,0.367244444,0.367244444,0.367244444
55,Libya,0.421455556,0.458778389,0.51556325,0.570514778,0.624766306,0.659555556,0.667222222,0.674888889,0.682555556,0.690222222,0.697888889,0.697888889,0.697888889,0.697888889
18,Liechtenstein,..,..,..,..,..,..,..,..,..,..,0.750433333,0.761544444,0.761544444,0.761544444
35,Lithuania,..,..,0.662026186,0.667560908,0.766829304,0.849689409,0.856445471,0.864040354,0.872280153,0.881690905,0.882642757,0.876659891,0.876659891,0.876659891
21,Luxembourg,0.551066667,0.584488889,0.598188889,0.640655556,0.73373053,0.742580634,0.744264494,0.745948353,0.747632213,0.754871629,0.762111044,0.762111044,0.762111044,0.762111044
155,Madagascar,..,..,..,..,0.398240426,0.4223145,0.430647833,0.433425611,0.441758944,0.455647833,0.456573759,0.457499685,0.458425611,0.458425611
174,Malawi,0.191766667,0.197144444,0.228988889,0.3986,0.387611111,0.379566667,0.387697778,0.387495556,0.403034074,0.418572593,0.434111111,0.439666667,0.439666667,0.439666667
62,Malaysia,0.397533333,0.457522222,0.486977778,0.535533333,0.602422222,0.650744444,0.654704444,0.658664444,0.662624444,0.666584444,0.670544444,0.670544444,0.670544444,0.670544444
103,Maldives,..,..,..,..,0.484377245,0.519947857,0.525466957,0.530986057,0.536505157,0.542024257,0.547543357,0.547543357,0.547543357,0.547543357
176,Mali,0.078933333,0.073338889,0.084924444,0.118475556,0.176633512,0.239311734,0.250977639,0.262643544,0.275896751,0.286372181,0.294069832,0.301499581,0.305180943,0.305180943
39,Malta,0.580488889,0.584349478,0.585432289,0.587171678,0.615717912,0.683944003,0.681626908,0.679309813,0.68807763,0.70517878,0.72227993,0.721647305,0.732538011,0.732538011
,Marshall Islands,..,..,..,..,..,..,..,..,..,..,..,..,..,..
161,Mauritania,0.165022222,0.171555556,0.179622222,0.242055556,0.280111111,0.310733333,0.32182,0.324573333,0.318993333,0.335635556,0.338388889,0.341166667,0.352277778,0.352277778
63,Mauritius,0.401511111,0.430377778,0.481766667,0.518585185,0.574105266,0.638253329,0.648319838,0.65560857,0.665675079,0.678519366,0.685808097,0.695874606,0.718096828,0.718096828
71,Mexico,0.4165,0.467611111,0.478677778,0.511388889,0.544288323,0.58832816,0.601369625,0.604486656,0.612260776,0.621041616,0.63064341,0.635627148,0.637833108,0.637833108
124,Micronesia (Federated States of),..,..,..,..,..,..,..,..,..,..,0.611084533,0.611084533,0.611084533,0.611084533
114,Moldova (Republic of),..,..,0.599533333,0.591488889,0.617633333,0.6464,0.654475556,0.654217778,0.656737778,0.653702222,0.653444444,0.656222222,0.653444444,0.653444444
,Monaco,..,..,..,..,..,..,..,..,..,..,..,..,..,..
103,Mongolia,0.477077778,0.505451852,0.536933333,0.471622222,0.531677778,0.627211111,0.636057778,0.648608148,0.661158519,0.673708889,0.682555556,0.688111111,0.693666667,0.693666667
51,Montenegro,..,..,..,..,..,0.716888889,0.730444444,0.744,0.756888889,0.768,0.773555556,0.773555556,0.773555556,0.773555556
129,Morocco,0.205255556,0.241555556,0.253988889,0.2922,0.345533333,0.407877778,0.410984444,0.422424444,0.431086667,0.439748889,0.453966667,0.467855556,0.467855556,0.467855556
178,Mozambique,0.157533333,0.141322222,0.130177778,0.137777778,0.222468649,0.323826187,0.33417923,0.352865606,0.365996427,0.373571692,0.372813624,0.372055556,0.372055556,0.372055556
150,Myanmar,0.2218,0.246588889,0.243222222,0.285822222,0.309596296,0.343096296,0.351365926,0.359635556,0.363275556,0.366915556,0.370555556,0.370555556,0.370555556,0.370555556
127,Namibia,0.4506,0.470566667,0.494733333,0.527555556,0.507522222,0.515066667,0.513868889,0.515448889,0.517028889,0.518608889,0.520188889,0.520188889,0.520188889,0.520188889
,Nauru,..,..,..,..,..,..,..,..,..,..,..,..,..,..
145,Nepal,0.1545,0.205188889,0.284233333,0.306266667,0.336733333,0.366333333,0.383528889,0.386835556,0.398475556,0.418448889,0.443977778,0.452311111,0.452311111,0.452311111
4,Netherlands,0.667223333,0.686087778,0.744362222,0.811401111,0.824235556,0.843646357,0.850266933,0.859665288,0.859768963,0.859493415,0.866459963,0.89160543,0.893532297,0.893532297
7,New Zealand,0.760166667,0.772466667,0.793511111,0.863766667,0.884566667,0.9078,0.909593333,0.911386667,0.91318,0.914973333,0.916766667,0.916766667,0.916766667,0.916766667
132,Nicaragua,0.327444444,0.325355556,0.343111111,0.387277778,0.425007407,0.4631,0.46726,0.47142,0.47558,0.47974,0.4839,0.4839,0.4839,0.4839
187,Niger,0.059811111,0.069766667,0.083811111,0.097620202,0.117579798,0.148522222,0.152293333,0.158842222,0.165391111,0.17194,0.184044444,0.192377778,0.197933333,0.197933333
152,Nigeria,..,..,..,..,..,0.415333333,0.417238667,0.419144,0.421049333,0.422954667,0.42486,0.42486,0.42486,0.42486
1,Norway,0.666122222,0.699466667,0.750288889,0.804666667,0.870211111,0.909777778,0.912028889,0.908724444,0.902642222,0.902115556,0.907144444,0.909922222,0.909922222,0.909922222
56,Oman,..,..,..,..,..,0.526736709,0.527250845,0.538876092,0.556056894,0.589390228,0.596334672,0.603279117,0.603279117,0.603279117
146,Pakistan,0.161411111,0.184251852,0.198322222,0.229646154,0.261203419,0.330922222,0.325908816,0.337562077,0.338104227,0.352018478,0.359106482,0.366111787,0.371667343,0.371667343
60,Palau,..,..,..,..,0.759994558,0.786759955,0.786759955,0.786759955,0.786759955,0.786759955,0.786759955,0.786759955,0.786759955,0.786759955
107,Palestine (State of),..,..,..,..,..,0.613260023,0.619511631,0.639343166,0.642734273,0.649898614,0.651819791,0.656171682,0.662476603,0.662476603
65,Panama,0.5049,0.523677778,0.536344444,0.576333333,0.623255556,0.652944444,0.655504444,0.655286667,0.657846667,0.657628889,0.662966667,0.657411111,0.657411111,0.657411111
157,Papua New Guinea,0.155455556,0.175866667,0.207922222,0.241344444,0.284838462,0.326295726,0.335033846,0.343771966,0.352510085,0.361248205,0.369986325,0.376311111,0.376311111,0.376311111
111,Paraguay,0.382411111,0.411577778,0.427844444,0.476388889,0.523977778,0.577168544,0.565310293,0.564147499,0.574388716,0.582530563,0.587322222,0.587322222,0.587322222,0.587322222
82,Peru,0.485077778,0.522766667,0.5526,0.583666667,0.642150647,0.635474957,0.633145714,0.629427581,0.631153213,0.633389537,0.656041866,0.660189872,0.664337879,0.664337879
117,Philippines,0.487944444,0.516526667,0.535713333,0.55738,0.582423333,0.608116548,0.603115461,0.609419107,0.614237053,0.607943887,0.609984056,0.609984056,0.609984056,0.609984056
35,Poland,0.591233333,0.627557424,0.666659293,0.72012191,0.779609128,0.795109422,0.797077431,0.79904544,0.801013449,0.807882267,0.817020173,0.822553465,0.824699932,0.824699932
41,Portugal,0.4507,0.501696296,0.535011111,0.631466667,0.656069292,0.661235523,0.667247025,0.677464628,0.689630953,0.701223013,0.712815073,0.720369667,0.727614636,0.727614636
31,Qatar,0.478588889,0.512922222,0.507811111,0.562155556,0.612374939,0.673074214,0.686020056,0.698965899,0.703233814,0.689298217,0.680365133,0.67143205,0.685686747,0.685686747
54,Romania,0.5973,0.618433333,0.637311111,0.623855556,0.6539,0.708632757,0.717370866,0.73166453,0.748065366,0.754178026,0.746929179,0.747894287,0.747894287,0.747894287
57,Russian Federation,0.575755556,0.618966667,0.659577778,0.659966667,0.722677778,0.763944444,0.764924444,0.768682222,0.77244,0.778975556,0.779955556,0.779955556,0.779955556,0.779955556
151,Rwanda,0.174144444,0.203211111,0.216833333,0.240941975,0.278011111,0.323655556,0.355113333,0.356015556,0.35414,0.366153333,0.375388889,0.3865,0.478166667,0.478166667
73,Saint Kitts and Nevis,..,..,..,..,..,..,..,..,..,0.637912633,0.637912633,0.637912633,0.637912633,0.637912633
97,Saint Lucia,..,..,..,..,..,..,..,..,..,0.636986944,0.625875833,0.631431389,0.631431389,0.631431389
91,Saint Vincent and the Grenadines,..,..,..,..,..,..,..,..,..,0.656834011,0.656834011,0.656834011,0.656834011,0.656834011
106,Samoa,..,..,..,..,0.677196814,0.697456309,0.701508208,0.701508208,0.701508208,0.701508208,0.701508208,0.701508208,0.701508208,0.701508208
,San Marino,..,..,..,..,..,..,..,..,..,..,..,..,..,..
142,Sao Tome and Principe,..,..,..,..,0.392159074,0.421973889,0.430301158,0.438628427,0.441388011,0.458054678,0.4552769,0.462221344,0.469165789,0.469165789
34,Saudi Arabia,0.30413266,0.363486239,0.426673152,0.481593397,0.565279063,0.616940331,0.623622329,0.630304328,0.641152993,0.660334992,0.687850324,0.707032322,0.720658765,0.723174097
163,Senegal,0.179533333,0.204255556,0.226261111,0.245262393,0.266277778,0.312477778,0.323544444,0.329055556,0.3429,0.356744444,0.363644444,0.367811111,0.367811111,0.367811111
77,Serbia,..,..,0.645777778,0.668444444,0.685777778,0.691444444,0.692244444,0.693044444,0.696622222,0.697422222,0.695444444,0.695444444,0.695444444,0.695444444
71,Seychelles,..,..,..,..,0.666484444,0.691484444,0.688706667,0.685928889,0.683151111,0.633151111,0.677595556,0.635928889,0.635928889,0.635928889
183,Sierra Leone,0.163888889,0.198855556,0.182711111,0.221466667,0.273722222,0.285666667,0.287733333,0.2898,0.291866667,0.293933333,0.296,0.3045,0.3045,0.3045
9,Singapore,..,..,0.544811111,0.579744444,0.606144444,0.667221611,0.6838884,0.697777411,0.7144442,0.715444444,0.758888889,0.758888889,0.758888889,0.767777778
37,Slovakia,..,..,0.680277778,0.707844444,0.743044444,0.783988889,0.789277778,0.797344444,0.799855556,0.802366667,0.804877778,0.8021,0.8021,0.8021
25,Slovenia,..,0.652922222,0.696766667,0.7243,0.7938,0.841948965,0.848662557,0.8495025,0.85409139,0.857638423,0.864089351,0.861858622,0.863083331,0.863083331
157,Solomon Islands,..,..,..,..,0.333276567,0.383276567,0.399943233,0.405498789,0.405498789,0.405498789,0.405498789,0.405498789,0.405498789,0.405498789
,Somalia,..,..,..,..,..,..,..,..,..,..,..,..,..,..
118,South Africa,0.46793,0.467783333,0.532846667,0.636676111,0.655240096,0.659323029,0.661080683,0.66642927,0.669089608,0.682193984,0.684514655,0.687192127,0.695447164,0.695447164
,South Sudan,..,..,..,..,..,..,..,..,..,..,..,..,..,..
27,Spain,0.515813333,0.5511,0.595757778,0.693861111,0.720953685,0.742437818,0.747014056,0.752925449,0.762743293,0.767758359,0.782522678,0.791840458,0.794396973,0.794396973
73,Sri Lanka,0.512777778,0.546666667,0.592222222,0.633236111,0.678861111,0.709486111,0.715144444,0.720802778,0.726461111,0.728994444,0.737777778,0.737777778,0.737777778,0.737777778
166,Sudan,0.132768889,0.142531389,0.158924444,0.174557778,0.206,0.261371605,0.271985926,0.282600247,0.293214568,0.303828889,0.305955556,0.305955556,0.305955556,0.305955556
100,Suriname,..,..,..,..,..,0.588380289,0.588380289,0.588380289,0.588380289,0.588380289,0.588380289,0.588380289,0.588380289,0.588380289
148,Swaziland,0.354544444,0.395488889,0.42637619,0.448025926,0.459033333,0.4941,0.514426667,0.522531111,0.530635556,0.53874,0.546844444,0.551288889,0.551288889,0.551288889
12,Sweden,0.659428889,0.664518889,0.692473333,0.791593333,0.866283333,0.829666667,0.826688889,0.823711111,0.823511111,0.823311111,0.832911789,0.830134011,0.830134011,0.830134011
3,Switzerland,0.677937778,0.675171111,0.694988889,0.725726667,0.803632084,0.822214757,0.826589647,0.82818676,0.829783872,0.834158763,0.841311431,0.844089209,0.844089209,0.844089209
118,Syrian Arab Republic,0.346613333,0.398854444,0.422144444,0.419884444,0.450793423,0.533934729,..,0.539007319,0.537637101,0.544858249,0.547636027,0.553191582,0.553191582,0.553191582
133,Tajikistan,..,..,0.633766667,0.607477778,0.600644444,0.630322222,0.634924444,0.631193333,0.638573333,0.63762,0.639444444,0.639444444,0.639444444,0.639444444
159,Tanzania (United Republic of),0.287611111,0.269088889,0.272911111,0.286333333,0.324919048,0.369050794,0.378910476,0.388770159,0.398629841,0.400949841,0.403269841,0.425888889,0.425888889,0.425888889
89,Thailand,0.343211111,0.376955556,0.385733333,0.433033333,0.515787472,0.568555723,0.559031121,0.582375773,0.589053758,0.601287299,0.607965284,0.607965284,0.607965284,0.607965284
84,The former Yugoslav Republic of Macedonia,..,..,..,..,..,0.597453333,0.603008889,0.608564444,0.636342222,0.63912,0.641897778,0.641897778,0.641897778,0.641897778
128,Timor-Leste,..,..,..,..,0.361503144,0.379095737,0.398961627,0.418827516,0.438693406,0.458559296,0.472406667,0.472406667,0.472406667,0.472406667
166,Togo,0.3156,0.278733333,0.311177778,0.354788889,0.406911111,0.445877778,0.460142222,0.449406667,0.466448889,0.483491111,0.500533333,0.514422222,0.514422222,0.514422222
100,Tonga,0.627987778,0.621777778,0.648103175,0.678761905,0.663666667,0.709666667,0.7118,0.713933333,0.716066667,0.7182,0.720333333,0.720333333,0.720333333,0.720333333
64,Trinidad and Tobago,0.532733333,0.545388889,0.557955556,0.574921212,0.606568687,0.683559705,0.689089193,0.694618681,0.700148169,0.700320689,0.700320689,0.700320689,0.700320689,0.700320689
90,Tunisia,0.297888889,0.362133333,0.403022222,0.459722222,0.525222222,0.58,0.588291111,0.596582222,0.604873333,0.610386667,0.618677778,0.621455556,0.621455556,0.621455556
69,Turkey,0.304133333,0.362888889,0.398155556,0.4269,0.493166667,0.531299278,0.545458905,0.556565301,0.562951141,0.582399156,0.624654431,0.647701279,0.652023697,0.652023697
103,Turkmenistan,..,..,..,..,..,..,..,..,..,..,0.678712889,0.678712889,0.678712889,0.678712889
,Tuvalu,..,..,..,..,..,..,..,..,..,..,..,..,..,..
164,Uganda,0.173577778,0.234266667,0.250733333,0.265544444,0.425922222,0.449374582,0.445783955,0.451915551,0.46638048,0.475289853,0.478643671,0.478643671,0.478643671,0.478643671
83,Ukraine,0.581166667,0.613522222,0.645966667,0.679177778,0.705266667,0.765077778,0.77172,0.775584444,0.779448889,0.783313333,0.7844,0.789955556,0.795511111,0.795511111
40,United Arab Emirates,0.358422222,0.4159,0.470766667,0.543170278,0.604148056,0.649325225,0.65412167,0.658918116,0.663714562,0.668511008,0.673214954,0.673214954,0.673214954,0.673214954
14,United Kingdom,0.608133333,0.622333333,0.642177778,0.79113675,0.83555079,0.866236402,0.853535307,0.851945324,0.858688674,0.865432023,0.877730929,0.860260145,0.860260145,0.860260145
5,United States,0.789533333,0.805233333,0.833555556,0.860811111,0.849881996,0.86678489,0.869514879,0.87634351,0.880394363,0.88368347,0.886981429,0.889759207,0.889759207,0.889759207
50,Uruguay,0.544814444,0.567176296,0.597003333,0.609272222,0.660484444,0.690757414,0.693478674,0.708085969,0.708804374,0.708805233,0.707330312,0.709762912,0.712262429,0.712262429
116,Uzbekistan,..,..,..,..,..,0.653888889,0.653888889,0.653888889,0.651111111,0.651111111,0.651111111,0.651111111,0.651111111,0.651111111
131,Vanuatu,..,..,..,..,..,..,..,..,0.595511111,0.595511111,0.595511111,0.595511111,0.595511111,0.595511111
67,Venezuela (Bolivarian Republic of),0.440501111,0.46065,0.452946667,0.474984444,0.513254544,0.594450532,0.617965815,0.649559434,0.670028665,0.67421609,0.682482617,0.682482617,0.682482617,0.682482617
121,Vietnam,0.381288889,0.375522222,0.349122222,0.387388889,0.434455556,0.470388889,0.478175556,0.485962222,0.493748889,0.501535556,0.509322222,0.513488889,0.513488889,0.513488889
154,Yemen,..,..,0.218431389,0.229298056,0.257438889,0.304011111,0.306979259,0.309947407,0.312915556,0.320513333,0.328111111,0.339222222,0.339222222,0.339222222
141,Zambia,0.318833333,0.361711111,0.375477778,0.457097917,0.487518056,0.537804861,0.545682222,0.553559583,0.561436944,0.569314306,0.577191667,0.584262361,0.591333333,0.591333333
156,Zimbabwe,0.288388889,0.449666667,0.423122222,0.456855556,0.471333333,0.483266667,0.4866,0.489933333,0.493266667,0.4966,0.499933333,0.499933333,0.499933333,0.499933333
