year,month,"production, fossil fuel","production, nuclear","production, renewable","production, primary","consumption, fossil fuel","consumption, nuclear","consumption, renewable","consumption, primary",gdp chained,"co2, total"
1973,1,4.932632,0.068103,0.403981,5.404715,6.747650999999999,0.068103,0.403981,7.223872999999999,5380.5,454.3
1973,2,4.729582,0.064634,0.3609,5.155115,6.163094999999999,0.064634,0.3609,6.592366,,415.351
1973,3,4.946902,0.072494,0.400161,5.419556,6.044647,0.072494,0.400161,6.521439,,407.75800000000004
1973,4,4.716271,0.06407,0.38047,5.160812,5.493183999999999,0.06407,0.38047,5.9417290000000005,5441.5,368.216
1973,5,4.956995,0.062111,0.39214099999999996,5.411246,5.613551,0.062111,0.39214099999999996,6.071940000000001,,376.08099999999996
1973,6,4.716096,0.07396799999999999,0.377232,5.167296,5.347479,0.07396799999999999,0.377232,5.802683,,360.00300000000004
1973,7,4.748276000000001,0.07589,0.367325,5.191492,5.504556,0.07589,0.367325,5.951909,5411.9,369.621
1973,8,5.041997,0.084883,0.35375700000000004,5.480638,5.7488790000000005,0.084883,0.35375700000000004,6.191657,,385.36699999999996
1973,9,4.731504,0.085724,0.307006,5.1242339999999995,5.376782,0.085724,0.307006,5.773515,,361.381
1973,10,4.998321,0.081971,0.32345300000000005,5.403745,5.7653,0.081971,0.32345300000000005,6.174862,5462.4,385.358
1973,11,4.810504,0.088773,0.33781700000000003,5.237093,6.08844,0.088773,0.33781700000000003,6.519033,,408.67800000000005
1973,12,4.880197,0.08755700000000001,0.406694,5.374447,6.388515,0.08755700000000001,0.406694,6.8869039999999995,,429.85
1974,1,4.961042,0.084855,0.437467,5.483364,6.378043,0.084855,0.437467,6.904043,5417.0,429.333
1974,2,4.569843,0.090577,0.399942,5.0603620000000005,5.820458,0.090577,0.399942,6.3143,,390.81699999999995
1974,3,4.881263,0.097966,0.42347399999999996,5.402702,5.845649,0.097966,0.42347399999999996,6.370767,,392.583
1974,4,4.775157,0.079566,0.42232299999999995,5.277046,5.355618,0.079566,0.42232299999999995,5.861066,5431.3,361.05800000000005
1974,5,4.966595,0.073242,0.42765699999999995,5.4674949999999995,5.359907,0.073242,0.42765699999999995,5.864485,,360.14099999999996
1974,6,4.557055,0.079015,0.409281,5.045351999999999,5.150392,0.079015,0.409281,5.642248,,346.917
1974,7,4.716243,0.113953,0.40971899999999994,5.239915,5.458003,0.113953,0.40971899999999994,5.985353,5378.7,367.535
1974,8,4.736135,0.137654,0.386101,5.259889,5.488069,0.137654,0.386101,6.015502,,370.01
1974,9,4.6141559999999995,0.12287999999999999,0.35391,5.090946,5.230848,0.12287999999999999,0.35391,5.711198,,350.019
1974,10,4.900053,0.12124800000000001,0.34370300000000004,5.365003,5.713389,0.12124800000000001,0.34370300000000004,6.182018,5357.2,381.702
1974,11,4.181238,0.12281900000000001,0.351633,4.65569,5.757535,0.12281900000000001,0.351633,6.235546,,386.01
1974,12,4.435594999999999,0.148309,0.37664200000000003,4.960546,6.314029,0.148309,0.37664200000000003,6.842658999999999,,425.096
1975,1,4.731639,0.153503,0.392756,5.277898,6.508066,0.153503,0.392756,7.056118,5292.4,438.815
1975,2,4.381549,0.140232,0.368278,4.890059,5.658866000000001,0.140232,0.368278,6.168996,,384.01199999999994
1975,3,4.643579,0.163893,0.42349,5.230962,5.794307,0.163893,0.42349,6.383482,,393.68199999999996
1975,4,4.533965,0.14677300000000001,0.405368,5.086106,5.244039,0.14677300000000001,0.405368,5.797914,5333.2,357.751
1975,5,4.644549,0.15158,0.421283,5.217412,4.9170110000000005,0.15158,0.421283,5.491667,,336.103
1975,6,4.553746,0.140348,0.41162200000000004,5.105715,4.8819230000000005,0.140348,0.41162200000000004,5.435626999999999,,333.135
1975,7,4.3963849999999995,0.169294,0.398459,4.964138,5.0995610000000005,0.169294,0.398459,5.669107,5421.4,346.624
1975,8,4.518846,0.17488299999999998,0.36823,5.061959,5.199413,0.17488299999999998,0.36823,5.744318,,352.972
1975,9,4.486607,0.15854300000000002,0.341957,4.987107,4.996158,0.15854300000000002,0.341957,5.498393,,336.634
1975,10,4.700282,0.161078,0.368786,5.2301459999999995,5.377048,0.161078,0.368786,5.908704,5494.4,360.343
1975,11,4.461868,0.15598800000000002,0.383196,5.001053,5.309492,0.15598800000000002,0.383196,5.850411,,357.903
1975,12,4.643518,0.18368199999999998,0.403696,5.2308959999999995,6.337521,0.18368199999999998,0.403696,6.926691,,428.469
1976,1,4.594519999999999,0.177844,0.421775,5.19414,6.710216,0.177844,0.421775,7.312324,5618.5,452.36
1976,2,4.416439,0.158824,0.396173,4.971436,5.8361279999999995,0.158824,0.396173,6.393452,,394.32599999999996
1976,3,4.753379,0.15458,0.427044,5.3350029999999995,5.8075209999999995,0.15458,0.427044,6.391633000000001,,395.728
1976,4,4.543051999999999,0.12131600000000001,0.396931,5.061299,5.334664,0.12131600000000001,0.396931,5.855319000000001,5661.0,364.25
1976,5,4.622376999999999,0.13178399999999998,0.415728,5.169887999999999,5.243322,0.13178399999999998,0.415728,5.793322,,356.88199999999995
1976,6,4.575462,0.174072,0.411555,5.16109,5.236508000000001,0.174072,0.411555,5.824544,,357.523
1976,7,4.313708,0.195628,0.421425,4.9307620000000005,5.40514,0.195628,0.421425,6.024682,5689.8,369.286
1976,8,4.487455000000001,0.202851,0.398129,5.088436,5.367255999999999,0.202851,0.398129,5.970726,,366.88199999999995
1976,9,4.530889,0.19100599999999998,0.356984,5.078880000000001,5.18912,0.19100599999999998,0.356984,5.7395190000000005,,353.777
1976,10,4.600868,0.191723,0.369186,5.161777,5.681201000000001,0.191723,0.369186,6.244598000000001,5732.5,384.07300000000004
1976,11,4.547319,0.178235,0.35138600000000003,5.0769400000000005,6.197897,0.178235,0.35138600000000003,6.729925,,420.048
1976,12,4.6987559999999995,0.233256,0.360834,5.292846,7.0619,0.233256,0.360834,7.658478999999999,,478.99699999999996
1977,1,4.316486,0.238556,0.378521,4.9335629999999995,7.230327000000001,0.238556,0.378521,7.852450999999999,5799.2,489.281
1977,2,4.252271,0.21107800000000002,0.30432800000000004,4.767677,6.134899,0.21107800000000002,0.30432800000000004,6.654863000000001,,418.962
1977,3,4.888075,0.222619,0.36896599999999996,5.479659,5.9772300000000005,0.222619,0.36896599999999996,6.573861,,408.037
1977,4,4.597192,0.213943,0.35130100000000003,5.162437000000001,5.409177,0.213943,0.35130100000000003,5.979305,5913.0,370.01599999999996
1977,5,4.72232,0.221834,0.356923,5.301076999999999,5.413653,0.221834,0.356923,5.997456,,370.18
1977,6,4.645165,0.23171999999999998,0.336485,5.213369,5.5128010000000005,0.23171999999999998,0.336485,6.08589,,376.61400000000003
1977,7,4.417123,0.23503200000000002,0.336903,4.989057,5.618804,0.23503200000000002,0.336903,6.195785,6017.6,387.50699999999995
1977,8,4.607554,0.244991,0.335881,5.188426,5.714704,0.244991,0.335881,6.300623000000001,,391.264
1977,9,4.803085,0.21139499999999997,0.328075,5.342555,5.535869,0.21139499999999997,0.328075,6.080223,,377.07599999999996
1977,10,4.8703,0.205053,0.341368,5.416721,5.72095,0.205053,0.341368,6.272418,6018.2,387.75800000000004
1977,11,4.821366,0.209548,0.370168,5.401081,5.900695,0.209548,0.370168,6.485295,,399.75
1977,12,4.1216800000000005,0.255994,0.400048,4.777722,6.7811580000000005,0.255994,0.400048,7.442247999999999,,459.1
1978,1,3.9159800000000002,0.282638,0.438983,4.637601,6.994146000000001,0.282638,0.438983,7.721485,6039.2,469.889
1978,2,3.6760650000000004,0.238869,0.391866,4.3068,6.416481,0.238869,0.391866,7.052381,,430.785
1978,3,4.352372,0.24561100000000002,0.43345900000000004,5.031442,6.280715,0.24561100000000002,0.43345900000000004,6.965503,,422.829
1978,4,4.705855000000001,0.192342,0.434379,5.332575,5.5376769999999995,0.192342,0.434379,6.169931,6274.0,376.735
1978,5,4.959267,0.223373,0.475883,5.658523000000001,5.63302,0.223373,0.475883,6.337994,,385.561
1978,6,4.7963,0.24272800000000003,0.43262799999999996,5.471655999999999,5.469015,0.24272800000000003,0.43262799999999996,6.149904,,374.702
1978,7,4.632517,0.27360300000000004,0.431461,5.337581,5.629409,0.27360300000000004,0.431461,6.34019,6335.3,386.289
1978,8,4.841779,0.280082,0.40841700000000003,5.530277,5.801865,0.280082,0.40841700000000003,6.496080999999999,,399.505
1978,9,4.564316000000001,0.242769,0.392287,5.199372,5.446962999999999,0.242769,0.392287,6.087552,,374.175
1978,10,4.959112,0.251605,0.379436,5.590153,5.788479,0.251605,0.379436,6.425237,6420.3,392.82
1978,11,4.8562199999999995,0.272438,0.379078,5.507736,6.02842,0.272438,0.379078,6.685469,,410.161
1978,12,4.770957,0.278067,0.407564,5.456588,6.783142,0.278067,0.407564,7.474491,,460.43300000000005
1979,1,4.742426,0.30235100000000004,0.447796,5.492573,7.336166,0.30235100000000004,0.447796,8.092205,6433.0,494.631
1979,2,4.4084449999999995,0.281883,0.390487,5.080815,6.732512,0.281883,0.390487,7.410205,,454.449
1979,3,4.952546,0.264739,0.45779899999999996,5.675084,6.42199,0.264739,0.45779899999999996,7.150421000000001,,435.99199999999996
1979,4,4.770662000000001,0.20036900000000002,0.445932,5.416962,5.6354169999999995,0.20036900000000002,0.445932,6.28742,6440.8,382.909
1979,5,4.977269000000001,0.163455,0.48908,5.629804,5.688216000000001,0.163455,0.48908,6.346644,,387.539
1979,6,4.847761,0.174776,0.441683,5.464221,5.520908,0.174776,0.441683,6.14307,,377.983
1979,7,4.524046,0.226552,0.42451300000000003,5.175111,5.619578,0.226552,0.42451300000000003,6.276536,6487.1,385.36
1979,8,4.98963,0.263316,0.40921,5.6621559999999995,5.814576000000001,0.263316,0.40921,6.492996,,398.041
1979,9,4.7175720000000005,0.237204,0.37890300000000005,5.333679,5.431098,0.237204,0.37890300000000005,6.052908,,370.379
1979,10,5.178934,0.22774499999999998,0.397602,5.804281,5.911981,0.22774499999999998,0.397602,6.54322,6503.9,399.546
1979,11,4.94752,0.209477,0.41473999999999994,5.571737000000001,6.049123000000001,0.209477,0.41473999999999994,6.679042,,407.952
1979,12,4.89564,0.22395900000000002,0.425109,5.544708,6.682671000000001,0.22395900000000002,0.425109,7.337632000000001,,451.85900000000004
1980,1,5.11377,0.215389,0.478943,5.808102,6.864636,0.215389,0.478943,7.565016,6524.9,463.55800000000005
1980,2,4.804588,0.210277,0.42429799999999995,5.439163,6.482913,0.210277,0.42429799999999995,7.123145,,438.026
1980,3,5.14794,0.21858400000000003,0.469134,5.8356580000000005,6.3281410000000005,0.21858400000000003,0.469134,7.021907000000001,,427.41900000000004
1980,4,4.909243,0.205,0.47735600000000006,5.591598,5.470244999999999,0.205,0.47735600000000006,6.158453,6392.6,373.29699999999997
1980,5,5.010862,0.200541,0.517456,5.728859,5.283326000000001,0.200541,0.517456,6.00737,,360.645
1980,6,4.833075,0.19985899999999998,0.49776800000000004,5.530702,5.168984,0.19985899999999998,0.49776800000000004,5.872463,,354.75300000000004
1980,7,4.687391000000001,0.229329,0.47133100000000006,5.388052,5.42874,0.229329,0.47133100000000006,6.135448,6382.9,375.787
1980,8,4.782433999999999,0.265424,0.429358,5.477215,5.362769999999999,0.265424,0.429358,6.063599,,371.06800000000004
1980,9,4.775533,0.257127,0.401712,5.434372,5.305752,0.257127,0.401712,5.970443,,362.67400000000004
1980,10,4.962184,0.267351,0.402564,5.632099,5.6406279999999995,0.267351,0.402564,6.31659,6501.2,381.41900000000004
1980,11,4.828384,0.228892,0.409876,5.467152,5.775618,0.228892,0.409876,6.4202379999999994,,390.894
1980,12,5.124584,0.241396,0.448546,5.814526,6.667805,0.241396,0.448546,7.363795,,450.69800000000004
1981,1,4.933286,0.26228,0.46238100000000004,5.657948,6.904959,0.26228,0.46238100000000004,7.639252000000001,6635.7,469.631
1981,2,4.710872,0.238196,0.427043,5.37611,5.8105709999999995,0.238196,0.427043,6.484509,,396.236
1981,3,5.201903,0.242709,0.443808,5.88842,5.910062,0.242709,0.443808,6.606210000000001,,400.991
1981,4,4.135199,0.227726,0.43801999999999996,4.800945,5.20014,0.227726,0.43801999999999996,5.8752059999999995,6587.3,355.66
1981,5,4.245212,0.21754600000000002,0.48042299999999993,4.943181,5.231949,0.21754600000000002,0.48042299999999993,5.93955,,356.561
1981,6,4.672515,0.23345700000000003,0.49699499999999996,5.402966999999999,5.255929,0.23345700000000003,0.49699499999999996,5.995702,,362.375
1981,7,5.0071010000000005,0.254569,0.491304,5.752973,5.4529309999999995,0.254569,0.491304,6.208435,6662.9,379.60699999999997
1981,8,5.1771080000000005,0.297219,0.454028,5.928355000000001,5.352037999999999,0.297219,0.454028,6.112916,,371.801
1981,9,5.06372,0.269115,0.40721999999999997,5.740055,5.135095,0.269115,0.40721999999999997,5.8207510000000005,,355.292
1981,10,5.254067,0.226731,0.416966,5.897764,5.490746,0.226731,0.416966,6.144075,6585.1,374.974
1981,11,4.954065,0.251301,0.418476,5.623842,5.459212,0.251301,0.418476,6.13831,,373.278
1981,12,5.132915000000001,0.28674299999999997,0.477024,5.896682,6.315167,0.28674299999999997,0.477024,7.088566,,430.673
1982,1,4.918393,0.284331,0.51444,5.717164,6.640697,0.284331,0.51444,7.4481660000000005,6475.0,452.335
1982,2,4.728816999999999,0.22353800000000001,0.489624,5.441978,5.750531,0.22353800000000001,0.489624,6.471248,,393.39300000000003
1982,3,5.267363,0.251971,0.544724,6.064058,5.7407129999999995,0.251971,0.544724,6.544007,,392.341
1982,4,4.87061,0.241222,0.5171279999999999,5.62896,5.275930000000001,0.241222,0.5171279999999999,6.040586,6510.2,363.164
1982,5,4.856617,0.23960599999999999,0.525795,5.622018,4.829676,0.23960599999999999,0.525795,5.602379,,336.478
1982,6,4.760056,0.26604,0.5189739999999999,5.54507,4.78391,0.26604,0.5189739999999999,5.572673,,331.981
1982,7,4.590146,0.281997,0.519267,5.39141,5.0283169999999995,0.281997,0.519267,5.835852,6486.8,350.681
1982,8,4.8292,0.276671,0.483203,5.589074,5.047842,0.276671,0.483203,5.818626999999999,,352.034
1982,9,4.613666,0.281149,0.43374799999999997,5.328563,4.823564,0.281149,0.43374799999999997,5.549273,,333.115
1982,10,4.764703,0.257422,0.439874,5.461999,5.017757,0.257422,0.439874,5.726507,6493.1,342.869
1982,11,4.580884999999999,0.257281,0.46993,5.308096,5.241011,0.257281,0.46993,5.978943,,358.37
1982,12,4.635404,0.269921,0.52293,5.428255,5.655954,0.269921,0.52293,6.458451999999999,,387.409
1983,1,4.702314,0.273422,0.562279,5.538015000000001,6.062504,0.273422,0.562279,6.907502,6578.2,410.061
1983,2,4.289048,0.242067,0.5232760000000001,5.05439,5.290891,0.242067,0.5232760000000001,6.065647,,359.094
1983,3,4.665589,0.260523,0.572853,5.498964,5.58921,0.260523,0.572853,6.431871,,381.061
1983,4,4.434922,0.243561,0.561458,5.23994,5.055553,0.243561,0.561458,5.869679,6728.3,346.779
1983,5,4.490949,0.240465,0.581741,5.313155,4.862973,0.240465,0.581741,5.692724,,335.843
1983,6,4.370639,0.263376,0.569493,5.203508,4.836114,0.263376,0.569493,5.677988,,336.82599999999996
1983,7,4.325726,0.27919099999999997,0.5509930000000001,5.155908999999999,5.100754,0.27919099999999997,0.5509930000000001,5.941322,6860.0,360.1
1983,8,4.710642,0.285725,0.528288,5.524655,5.303408999999999,0.285725,0.528288,6.1286309999999995,,373.936
1983,9,4.546844999999999,0.27270500000000003,0.47617299999999996,5.295724,4.938737000000001,0.27270500000000003,0.47617299999999996,5.699808,,345.412
1983,10,4.699021,0.281314,0.47425100000000003,5.454585,4.933914,0.281314,0.47425100000000003,5.701452,7001.5,345.006
1983,11,4.57485,0.272735,0.507035,5.354621,5.145302,0.272735,0.507035,5.935601,,358.676
1983,12,4.557628,0.287465,0.587773,5.4328650000000005,5.977512,0.287465,0.587773,6.863357000000001,,417.861
1984,1,4.974302,0.317844,0.5700810000000001,5.862227,6.7555320000000005,0.317844,0.5700810000000001,7.654075,7140.6,460.836
1984,2,4.770232,0.30832600000000004,0.535239,5.613797,5.770207,0.30832600000000004,0.535239,6.6230970000000005,,393.426
1984,3,5.060365,0.29649899999999996,0.57904,5.935904,5.973514,0.29649899999999996,0.57904,6.858673,,410.207
1984,4,4.813676999999999,0.262738,0.5660189999999999,5.642434,5.4317459999999995,0.262738,0.5660189999999999,6.270455999999999,7266.0,372.786
1984,5,5.066725,0.280471,0.593504,5.9406989999999995,5.286097,0.280471,0.593504,6.170762,,364.6
1984,6,4.841043,0.274321,0.553321,5.668685,5.188581,0.274321,0.553321,6.026485,,361.265
1984,7,4.924416000000001,0.306687,0.547618,5.778721,5.288875,0.306687,0.547618,6.155513,7337.5,369.774
1984,8,5.242373000000001,0.319793,0.524053,6.086219,5.464169999999999,0.319793,0.524053,6.323114,,382.48400000000004
1984,9,4.889833,0.316027,0.47091000000000005,5.676769999999999,4.961915,0.316027,0.47091000000000005,5.761176,,346.208
1984,10,4.800286,0.268621,0.47962,5.548527,5.19925,0.268621,0.47962,5.960973,7396.0,361.73699999999997
1984,11,4.636625,0.266462,0.48611000000000004,5.389197,5.337341,0.266462,0.48611000000000004,6.100793,,371.845
1984,12,4.789315,0.334742,0.532347,5.656405,5.788606,0.334742,0.532347,6.666436,,400.991
1985,1,4.868823,0.384371,0.5552050000000001,5.808399,6.4278900000000005,0.384371,0.5552050000000001,7.377254,7469.5,443.38699999999994
1985,2,4.573561,0.32729,0.511838,5.412689,6.03303,0.32729,0.511838,6.880264,,410.151
1985,3,4.985737,0.32971999999999996,0.5250020000000001,5.840459,5.710393,0.32971999999999996,0.5250020000000001,6.577553,,393.249
1985,4,4.80526,0.28104,0.512937,5.5992370000000005,5.302405,0.28104,0.512937,6.10613,7537.9,366.593
1985,5,4.906735,0.304823,0.542968,5.754526,5.146408999999999,0.304823,0.542968,6.005351999999999,,360.092
1985,6,4.670048,0.32755,0.5073300000000001,5.504928,5.033449,0.32755,0.5073300000000001,5.88048,,352.165
1985,7,4.656111,0.373727,0.48957700000000004,5.519414,5.309635,0.373727,0.48957700000000004,6.187443,7655.2,372.69800000000004
1985,8,4.85715,0.369775,0.475912,5.7028360000000005,5.395869,0.369775,0.475912,6.2569870000000005,,378.958
1985,9,4.673938,0.366541,0.45427399999999996,5.494752,4.925617,0.366541,0.45427399999999996,5.7589999999999995,,344.226
1985,10,4.929382,0.331461,0.47540600000000005,5.736249,5.207793,0.331461,0.47540600000000005,6.0262459999999995,7712.6,362.80199999999996
1985,11,4.63135,0.32042800000000005,0.49960600000000005,5.451384,5.228088,0.32042800000000005,0.49960600000000005,6.059118,,365.208
1985,12,4.9436279999999995,0.35883699999999996,0.53396,5.836425,6.3151209999999995,0.35883699999999996,0.53396,7.219105,,437.55
1986,1,5.143178,0.383159,0.48606400000000005,6.012402,6.514033,0.383159,0.48606400000000005,7.395548,7784.1,448.17
1986,2,4.634737,0.346156,0.47912200000000005,5.460015,5.785886,0.346156,0.47912200000000005,6.620399000000001,,398.48699999999997
1986,3,4.965916,0.325549,0.558538,5.850002,5.883728,0.325549,0.558538,6.775964,,405.681
1986,4,4.664471,0.322413,0.5398970000000001,5.526781,5.239137,0.322413,0.5398970000000001,6.109551000000001,7819.8,362.60900000000004
1986,5,4.70561,0.337725,0.545072,5.588407,5.206938,0.337725,0.545072,6.099383,,362.17699999999996
1986,6,4.537852,0.33148099999999997,0.527412,5.396746,5.147695,0.33148099999999997,0.527412,6.015826000000001,,362.344
1986,7,4.536041,0.379718,0.513292,5.429051,5.451039,0.379718,0.513292,6.354208,7898.6,386.00800000000004
1986,8,4.667907,0.396534,0.482847,5.547289,5.331362,0.396534,0.482847,6.223701,,375.686
1986,9,4.511383,0.387113,0.47211400000000003,5.37061,4.947904,0.387113,0.47211400000000003,5.818638,,347.50199999999995
1986,10,4.768518,0.383103,0.482113,5.633734,5.1643989999999995,0.383103,0.482113,6.039911,7939.5,360.215
1986,11,4.5917449999999995,0.369674,0.492321,5.45374,5.247547,0.369674,0.492321,6.119265,,366.94
1986,12,4.811648,0.417484,0.532346,5.7614790000000005,6.066258,0.417484,0.532346,7.0272619999999995,,422.5
1987,1,4.931783,0.417417,0.521265,5.870465,6.520368,0.417417,0.521265,7.472334,7995.0,446.847
1987,2,4.528326,0.382159,0.45287799999999995,5.363363,5.879311,0.382159,0.45287799999999995,6.729067999999999,,401.36800000000005
1987,3,4.875851,0.389382,0.49878199999999995,5.764016000000001,5.863944,0.389382,0.49878199999999995,6.767036,,401.955
1987,4,4.617703,0.349992,0.477656,5.4453510000000005,5.470761,0.349992,0.477656,6.313868,8084.7,377.18300000000005
1987,5,4.619925,0.35837399999999997,0.5090319999999999,5.487331,5.319684,0.35837399999999997,0.5090319999999999,6.199256,,370.686
1987,6,4.635733,0.38176,0.466873,5.484367,5.417632,0.38176,0.466873,6.280222,,380.184
1987,7,4.543756,0.41826,0.46769099999999997,5.429708,5.724864,0.41826,0.46769099999999997,6.626659,8158.0,404.381
1987,8,4.798734,0.43180100000000005,0.44898599999999994,5.679521,5.6185730000000005,0.43180100000000005,0.44898599999999994,6.5145550000000005,,397.36
1987,9,4.721206,0.414191,0.437201,5.572598,5.26135,0.414191,0.437201,6.123881,,367.931
1987,10,4.997007,0.38104499999999997,0.442655,5.820707,5.527906,0.38104499999999997,0.442655,6.362769,8292.7,384.402
1987,11,4.846465,0.390924,0.423208,5.660598,5.517998,0.390924,0.423208,6.342057,,383.458
1987,12,5.014151999999999,0.43862700000000004,0.47558,5.92836,6.352849,0.43862700000000004,0.47558,7.277377,,440.705
1988,1,4.950223,0.473469,0.49513199999999996,5.918824,6.820914,0.473469,0.49513199999999996,7.8003160000000005,8339.3,471.29699999999997
1988,2,4.752379,0.447892,0.44666300000000003,5.646934,6.402514,0.447892,0.44666300000000003,7.308186999999999,,440.39099999999996
1988,3,5.0864769999999995,0.465555,0.46909799999999996,6.021131,6.351358,0.465555,0.46909799999999996,7.296746000000001,,437.32800000000003
1988,4,4.695146,0.42478599999999994,0.45599300000000004,5.575924,5.560392,0.42478599999999994,0.45599300000000004,6.449806,8449.5,385.707
1988,5,4.744347,0.430975,0.486212,5.661535,5.466201,0.430975,0.486212,6.390836,,379.32
1988,6,4.660775,0.467326,0.453891,5.581993,5.577641000000001,0.467326,0.453891,6.507738,,391.111
1988,7,4.550257,0.528281,0.44260200000000005,5.52114,5.763547,0.528281,0.44260200000000005,6.74603,8498.3,408.01599999999996
1988,8,4.994209,0.519872,0.43721400000000005,5.951295,6.018489,0.519872,0.43721400000000005,6.988178,,424.726
1988,9,4.7209080000000005,0.49056000000000005,0.42631199999999997,5.63778,5.415734,0.49056000000000005,0.42631199999999997,6.340877,,378.69699999999995
1988,10,4.8650839999999995,0.45155100000000004,0.42260200000000003,5.739237,5.704981,0.45155100000000004,0.42260200000000003,6.5867070000000005,8610.9,398.13300000000004
1988,11,4.884987000000001,0.419662,0.448903,5.753552,5.829882,0.419662,0.448903,6.704225999999999,,406.039
1988,12,4.941064,0.467038,0.472132,5.880234,6.5962309999999995,0.467038,0.472132,7.540360000000001,,459.931
1989,1,4.999261,0.490288,0.509147,5.998695,6.634583999999999,0.490288,0.509147,7.638755000000001,8697.7,459.55699999999996
1989,2,4.541252,0.40982399999999997,0.46143500000000004,5.41251,6.352085,0.40982399999999997,0.46143500000000004,7.229610000000001,,438.53
1989,3,5.054078,0.419471,0.5327149999999999,6.006265,6.586898,0.419471,0.5327149999999999,7.541180000000001,,453.059
1989,4,4.706294000000001,0.354476,0.530097,5.590867,5.772522,0.354476,0.530097,6.660423,8766.1,399.10699999999997
1989,5,4.8948279999999995,0.40573899999999996,0.562701,5.863268,5.66289,0.40573899999999996,0.562701,6.635389999999999,,394.009
1989,6,4.649672,0.45481499999999997,0.546136,5.650624,5.687456,0.45481499999999997,0.546136,6.693825,,399.00699999999995
1989,7,4.433687,0.553819,0.525098,5.5126040000000005,5.7697959999999995,0.553819,0.525098,6.856061,8831.5,406.49
1989,8,4.975478,0.581511,0.513154,6.070144,5.927662000000001,0.581511,0.513154,7.028179,,416.04400000000004
1989,9,4.718105,0.47450699999999996,0.48794899999999997,5.680562,5.515428,0.47450699999999996,0.48794899999999997,6.480976999999999,,385.199
1989,10,4.921508,0.46097200000000005,0.5110600000000001,5.893539,5.818518,0.46097200000000005,0.5110600000000001,6.790633000000001,8850.2,403.32599999999996
1989,11,4.890853,0.459296,0.521324,5.871474,5.962743,0.459296,0.521324,6.940303999999999,,414.28
1989,12,4.662688,0.537442,0.533841,5.7339709999999995,7.175947,0.537442,0.533841,8.245459,,499.30199999999996
1990,1,5.179279,0.5832729999999999,0.5112720000000001,6.273823,6.71583,0.5832729999999999,0.5112720000000001,7.80923,8947.1,464.897
1990,2,4.657415,0.528705,0.508361,5.69448,5.970118,0.528705,0.508361,7.003710000000001,,414.403
1990,3,5.088291000000001,0.48769399999999996,0.5679350000000001,6.143919,6.25336,0.48769399999999996,0.5679350000000001,7.305264,,433.556
1990,4,4.765123,0.40757600000000005,0.5304300000000001,5.703130000000001,5.83131,0.40757600000000005,0.5304300000000001,6.767828999999999,8981.7,403.915
1990,5,4.890589,0.454445,0.525673,5.8707080000000005,5.766968,0.454445,0.525673,6.746034,,401.19300000000004
1990,6,4.715347,0.490288,0.503363,5.708998,5.763212,0.490288,0.503363,6.756042,,405.17199999999997
1990,7,4.697539,0.5676680000000001,0.49949499999999997,5.764703,5.961692,0.5676680000000001,0.49949499999999997,7.03223,8983.9,419.66900000000004
1990,8,4.997071,0.590033,0.49745500000000004,6.084559,6.188925,0.590033,0.49745500000000004,7.2791619999999995,,434.838
1990,9,4.686923,0.513067,0.447349,5.64734,5.650824,0.513067,0.447349,6.613364,,395.48199999999997
1990,10,5.150339,0.459207,0.46019899999999997,6.069744999999999,5.882537999999999,0.459207,0.46019899999999997,6.806997999999999,8907.4,410.16
1990,11,4.927586,0.476554,0.45956499999999995,5.863705,5.832145,0.476554,0.45956499999999995,6.771696,,405.707
1990,12,4.767685,0.5458390000000001,0.528927,5.8424510000000005,6.4646550000000005,0.5458390000000001,0.528927,7.54228,,450.912
1991,1,5.071747,0.570005,0.569477,6.211229,6.931247999999999,0.570005,0.569477,8.07392,8865.6,476.81300000000005
1991,2,4.680405,0.501792,0.465116,5.647313,5.892879,0.501792,0.465116,6.862152,,405.74800000000005
1991,3,4.988368,0.514987,0.519109,6.022463,6.101053,0.514987,0.519109,7.13916,,421.92900000000003
1991,4,4.729014,0.43646,0.492912,5.658386,5.602625,0.43646,0.492912,6.5365269999999995,8934.4,387.789
1991,5,4.763018,0.490175,0.540589,5.793782,5.618474,0.490175,0.540589,6.654744,,392.24699999999996
1991,6,4.560109,0.568322,0.513638,5.642069,5.612394,0.568322,0.513638,6.697964,,394.023
1991,7,4.691643,0.636742,0.49953500000000006,5.8279190000000005,5.955334,0.636742,0.49953500000000006,7.0987729999999996,8977.3,418.57
1991,8,4.89135,0.613027,0.512229,6.0166059999999995,5.978671,0.613027,0.512229,7.112439999999999,,420.82599999999996
1991,9,4.684678,0.5438430000000001,0.49172200000000005,5.720243,5.614724,0.5438430000000001,0.49172200000000005,6.657675,,392.217
1991,10,5.059727,0.49959,0.467135,6.026452,5.883668,0.49959,0.467135,6.858581,9016.4,408.56300000000005
1991,11,4.824607,0.48535900000000004,0.467743,5.7777080000000005,6.046869,0.48535900000000004,0.467743,7.006252000000001,,420.27099999999996
1991,12,4.886483999999999,0.561832,0.5285810000000001,5.976897,6.586641,0.561832,0.5285810000000001,7.683274000000001,,455.611
1992,1,5.064879,0.605734,0.535605,6.206218,6.835561,0.605734,0.535605,7.983357000000001,9123.0,471.38599999999997
1992,2,4.6529620000000005,0.5529069999999999,0.449194,5.655063,6.234612,0.5529069999999999,0.449194,7.243263000000001,,427.866
1992,3,4.9041120000000005,0.479942,0.482783,5.866837,6.381501,0.479942,0.482783,7.348603,,441.79400000000004
1992,4,4.74219,0.44258400000000003,0.445954,5.6307279999999995,5.94784,0.44258400000000003,0.445954,6.841697,9223.5,410.642
1992,5,4.7595849999999995,0.477764,0.45523800000000003,5.6925870000000005,5.758830000000001,0.477764,0.45523800000000003,6.698113,,400.353
1992,6,4.666411,0.535959,0.497881,5.700251000000001,5.675539,0.535959,0.497881,6.715210000000001,,395.591
1992,7,4.772195,0.586886,0.48697700000000005,5.846058,6.076354,0.586886,0.48697700000000005,7.159827000000001,9313.2,428.42199999999997
1992,8,4.7680489999999995,0.614183,0.49144,5.873673,5.9156059999999995,0.614183,0.49144,7.02923,,416.075
1992,9,4.709341,0.5331779999999999,0.458262,5.700781,5.682676,0.5331779999999999,0.458262,6.682169,,397.712
1992,10,4.937301000000001,0.510817,0.472679,5.920797,5.908912,0.510817,0.472679,6.901627,9406.5,411.801
1992,11,4.724958,0.531147,0.49863100000000005,5.754736,6.040422,0.531147,0.49863100000000005,7.078627,,418.033
1992,12,4.9126970000000005,0.608106,0.545912,6.066715,6.881807000000001,0.608106,0.545912,8.044433,,475.26300000000003
1993,1,4.807679,0.620536,0.564643,5.992858,6.714885000000001,0.620536,0.563873,7.906822999999999,9424.1,462.061
1993,2,4.417378,0.5390560000000001,0.477337,5.433771,6.395944999999999,0.5390560000000001,0.477729,7.419789999999999,,439.134
1993,3,4.8924330000000005,0.489546,0.543313,5.925292,6.771592999999999,0.489546,0.543535,7.811622,,465.08099999999996
1993,4,4.609189,0.453758,0.5274760000000001,5.590424,5.917162,0.453758,0.5267029999999999,6.902827,9480.1,408.38300000000004
1993,5,4.552242,0.529053,0.5371020000000001,5.618398,5.576916000000001,0.529053,0.5361,6.645598,,390.209
1993,6,4.60316,0.552722,0.506688,5.66257,5.780633,0.552722,0.506206,6.843166,,405.045
1993,7,4.4440290000000005,0.593499,0.491684,5.529212,6.214218,0.593499,0.491493,7.307746000000001,9526.3,437.73699999999997
1993,8,4.592797,0.590418,0.50229,5.685505,6.23037,0.590418,0.501475,7.333218,,438.225
1993,9,4.587056,0.525081,0.4617,5.573837,5.817883,0.525081,0.46223400000000003,6.815063,,406.56199999999995
1993,10,4.767653,0.466738,0.46876,5.703151,6.036419,0.466738,0.468916,6.9830630000000005,9653.5,417.691
1993,11,4.69533,0.49224300000000004,0.482149,5.669723,6.294266,0.49224300000000004,0.48379700000000003,7.280567,,434.71
1993,12,4.811324,0.557848,0.518766,5.887938,6.929841000000001,0.557848,0.519574,8.017694,,480.913
1994,1,4.725537999999999,0.594162,0.5460550000000001,5.865755,7.431875999999999,0.594162,0.546991,8.584501,9748.2,509.587
1994,2,4.516633000000001,0.520733,0.47459700000000005,5.511963,6.733204,0.520733,0.4752,7.742175,,461.161
1994,3,5.139908999999999,0.511829,0.530492,6.182230000000001,6.605446000000001,0.511829,0.530779,7.663458,,453.02099999999996
1994,4,4.807947,0.45144399999999996,0.515824,5.775215,6.000177,0.45144399999999996,0.516487,6.979177,9881.4,413.70099999999996
1994,5,4.809569000000001,0.507184,0.494547,5.8113,5.872698000000001,0.507184,0.494384,6.886153999999999,,408.551
1994,6,4.767774,0.540902,0.49743100000000007,5.806107,6.1117669999999995,0.540902,0.496828,7.161982000000001,,428.059
1994,7,4.662735,0.61795,0.538297,5.818981,6.2206589999999995,0.61795,0.537964,7.3906410000000005,9939.7,435.31699999999995
1994,8,5.033069,0.628207,0.484333,6.145608999999999,6.345064,0.628207,0.484576,7.4724699999999995,,442.663
1994,9,4.800529,0.581426,0.43362399999999995,5.815580000000001,5.857132,0.581426,0.43061000000000005,6.881234,,406.19300000000004
1994,10,4.840115,0.529943,0.47630100000000003,5.846359,6.050669999999999,0.529943,0.47780200000000006,7.070613000000001,10052.5,417.56800000000004
1994,11,4.868054,0.577783,0.48293100000000005,5.928768,6.0753900000000005,0.577783,0.482584,7.148134,,417.69599999999997
1994,12,5.030171,0.632314,0.5127109999999999,6.175197,6.846502,0.632314,0.512936,8.004002,,470.037
1995,1,4.95383,0.6655310000000001,0.516505,6.135866,7.028515,0.6655310000000001,0.515416,8.220877999999999,10086.9,480.657
1995,2,4.561374,0.5448729999999999,0.47862200000000005,5.58487,6.561758,0.5448729999999999,0.47765799999999997,7.595769000000001,,447.543
1995,3,5.021481,0.5451020000000001,0.550407,6.11699,6.633216,0.5451020000000001,0.550608,7.741177,,454.032
1995,4,4.646312,0.518215,0.5365260000000001,5.701053,6.039398,0.518215,0.536245,7.105605000000001,10122.1,412.55300000000005
1995,5,4.808047,0.571444,0.533621,5.913112,6.0352809999999995,0.571444,0.532008,7.150664999999999,,415.51599999999996
1995,6,4.708923,0.592394,0.560146,5.861463,6.06616,0.592394,0.5611689999999999,7.231934,,422.119
1995,7,4.68337,0.651824,0.6012770000000001,5.936472,6.361742,0.651824,0.600264,7.626028999999999,10208.8,445.05800000000005
1995,8,4.8537989999999995,0.64787,0.582282,6.083951,6.674332000000001,0.64787,0.58033,7.917375999999999,,465.773
1995,9,4.766712,0.585133,0.499493,5.851339,6.040399,0.585133,0.49953500000000006,7.135603,,419.764
1995,10,4.872342,0.570461,0.558496,6.0013,6.083335,0.570461,0.560886,7.224257000000001,10281.2,421.151
1995,11,4.826497,0.5538069999999999,0.554287,5.934591999999999,6.451528,0.5538069999999999,0.559122,7.572344,,444.477
1995,12,4.79371,0.628781,0.5856439999999999,6.008135,7.1876809999999995,0.628781,0.586126,8.410369000000001,,494.56300000000005
1996,1,4.791416000000001,0.661075,0.6066520000000001,6.059143,7.499915,0.661075,0.607654,8.77663,10348.7,513.941
1996,2,4.637980000000001,0.5874090000000001,0.571304,5.796692,6.934096,0.5874090000000001,0.5729029999999999,8.104036,,476.105
1996,3,4.9787669999999995,0.582642,0.627925,6.189334,6.9696880000000005,0.582642,0.628612,8.191764,,477.145
1996,4,4.842086,0.528566,0.556068,5.9267199999999995,6.266615,0.528566,0.55612,7.361874,10529.4,430.08099999999996
1996,5,4.911048,0.5843550000000001,0.594906,6.090308,6.272672,0.5843550000000001,0.595776,7.463086,,432.961
1996,6,4.736299,0.603899,0.607617,5.947815,6.221216,0.603899,0.608158,7.446037,,433.64300000000003
1996,7,4.893643,0.6401939999999999,0.610096,6.143932,6.492192,0.6401939999999999,0.610002,7.757824,10626.8,454.741
1996,8,5.0301730000000004,0.645688,0.594878,6.270738,6.611527000000001,0.645688,0.594957,7.869464999999999,,461.767
1996,9,4.7954870000000005,0.573389,0.513259,5.882135,6.048659,0.573389,0.5125609999999999,7.14723,,421.36800000000005
1996,10,5.03176,0.531582,0.5687439999999999,6.132085,6.507758,0.531582,0.567218,7.617369,10739.1,450.856
1996,11,4.802522,0.5475399999999999,0.561307,5.91137,6.676653999999999,0.5475399999999999,0.561213,7.795702,,462.335
1996,12,4.886476,0.600336,0.598134,6.084944999999999,7.198653999999999,0.600336,0.597218,8.404841000000001,,497.17199999999997
1997,1,5.006932,0.6182479999999999,0.629798,6.2549779999999995,7.567747,0.6182479999999999,0.629125,8.8237,10820.9,519.674
1997,2,4.651357,0.531601,0.563285,5.746243,6.6850369999999995,0.531601,0.563437,7.787030000000001,,456.44199999999995
1997,3,5.034904,0.529045,0.628987,6.192937000000001,6.818842,0.529045,0.628713,7.985142999999999,,468.024
1997,4,4.810734,0.471001,0.603776,5.885511,6.438344,0.471001,0.603645,7.52307,10984.2,442.41
1997,5,5.057055,0.49355200000000005,0.642247,6.1928529999999995,6.334819,0.49355200000000005,0.6402180000000001,7.476443,,436.897
1997,6,4.753058,0.546683,0.607803,5.907543,6.301964,0.546683,0.607075,7.465957,,438.827
1997,7,4.901194,0.601853,0.611214,6.114261,6.864248,0.601853,0.611058,8.090949,11124.0,479.085
1997,8,4.899501,0.641012,0.566984,6.107497,6.688172,0.641012,0.567063,7.909852000000001,,466.343
1997,9,4.906809,0.5518390000000001,0.513212,5.9718599999999995,6.338503,0.5518390000000001,0.512467,7.412827,,440.166
1997,10,5.046643,0.493021,0.581272,6.120936,6.594252,0.493021,0.582309,7.677182000000001,11210.3,457.985
1997,11,4.699572,0.537176,0.526466,5.763214,6.676918,0.537176,0.526708,7.749811,,462.35900000000004
1997,12,5.038524,0.581961,0.541767,6.162252,7.472125,0.581961,0.542305,8.606325,,514.659
1998,1,5.202669,0.607312,0.591525,6.4015059999999995,7.403689,0.607312,0.591094,8.607435,11321.2,508.45
1998,2,4.64164,0.535028,0.534593,5.711261,6.569874,0.535028,0.535207,7.644977000000001,,451.37699999999995
1998,3,5.132935,0.563483,0.585345,6.281763,7.012227,0.563483,0.586497,8.168636,,481.29
1998,4,4.956706,0.498354,0.550085,6.005145,6.454305000000001,0.498354,0.548687,7.5101,11431.0,445.375
1998,5,5.005234,0.540248,0.606593,6.152075,6.421263,0.540248,0.60582,7.574499,,447.115
1998,6,4.904914,0.584683,0.538492,6.028089,6.585208000000001,0.584683,0.5375939999999999,7.714753,,460.796
1998,7,4.9156629999999994,0.645187,0.565999,6.126849,7.053682000000001,0.645187,0.565735,8.276438,11580.6,492.625
1998,8,4.958031,0.6333310000000001,0.537288,6.12865,7.040388,0.6333310000000001,0.5372399999999999,8.225681,,491.965
1998,9,4.778397,0.600147,0.48711099999999996,5.865654,6.519245,0.600147,0.486757,7.615075,,454.08099999999996
1998,10,5.033568,0.602492,0.48597799999999997,6.122037000000001,6.514528,0.602492,0.486807,7.608855,11770.7,451.499
1998,11,4.797821,0.6018939999999999,0.456086,5.8558010000000005,6.445165,0.6018939999999999,0.455642,7.505878,,445.639
1998,12,4.938343,0.655652,0.5536399999999999,6.147635,7.254417,0.655652,0.5542159999999999,8.468992,,501.189
1999,1,4.867341000000001,0.686455,0.5961380000000001,6.149934,7.627163,0.686455,0.595566,8.911855000000001,11864.7,524.294
1999,2,4.609765,0.600763,0.5332060000000001,5.743733,6.672181,0.600763,0.5331020000000001,7.8085130000000005,,458.793
1999,3,5.018707,0.614858,0.5645640000000001,6.198129,7.188621,0.614858,0.563735,8.369503,,493.685
1999,4,4.714329,0.5071289999999999,0.551655,5.773114,6.590746,0.5071289999999999,0.549273,7.655639,11962.5,453.35900000000004
1999,5,4.694461,0.585793,0.610254,5.8905080000000005,6.418875,0.585793,0.608943,7.622282000000001,,446.87699999999995
1999,6,4.716691,0.651038,0.571951,5.93968,6.571305000000001,0.651038,0.5732520000000001,7.804107000000001,,457.608
1999,7,4.763469000000001,0.6982119999999999,0.5936819999999999,6.055364,7.067383,0.6982119999999999,0.593637,8.368269,12113.1,494.31300000000005
1999,8,4.856081,0.712091,0.547076,6.1152489999999995,7.108281,0.712091,0.5465899999999999,8.376902000000001,,494.352
1999,9,4.764465,0.636771,0.482163,5.883399,6.479405,0.636771,0.481258,7.611086,,448.93
1999,10,4.839475,0.578335,0.456717,5.874527,6.666627,0.578335,0.457251,7.713480000000001,12323.3,459.907
1999,11,4.808766,0.632772,0.49290600000000007,5.934443,6.494068,0.632772,0.49445600000000006,7.633342999999999,,449.29699999999997
1999,12,4.906244,0.706037,0.5152770000000001,6.127559,7.43838,0.706037,0.5166850000000001,8.670981,,511.556
2000,1,4.780147,0.737981,0.50515,6.0232779999999995,7.692062,0.737981,0.505525,8.945501,12359.1,530.1709999999999
2000,2,4.573548000000001,0.6693180000000001,0.49995900000000004,5.742825,7.222425,0.6693180000000001,0.49899499999999997,8.402201,,496.13599999999997
2000,3,5.071853,0.6542789999999999,0.558005,6.284137,7.071464999999999,0.6542789999999999,0.558477,8.293297,,487.026
2000,4,4.551880000000001,0.607585,0.568524,5.727989,6.486421,0.607585,0.5671510000000001,7.669702,12592.5,446.86800000000005
2000,5,4.797348,0.667205,0.558724,6.023276999999999,6.789661,0.667205,0.558828,8.025769,,470.07300000000004
2000,6,4.750776,0.701857,0.5091140000000001,5.961746,6.783197,0.701857,0.5077470000000001,8.002823,,473.651
2000,7,4.705908999999999,0.719306,0.526262,5.951476,6.970517999999999,0.719306,0.525596,8.2304,12607.7,487.849
2000,8,4.980585,0.701102,0.503686,6.185372,7.320572,0.701102,0.5054270000000001,8.542555,,510.221
2000,9,4.720733,0.607662,0.44337600000000005,5.771771,6.629874000000001,0.607662,0.443553,7.692325,,462.73
2000,10,4.932901,0.547207,0.46821499999999994,5.948323,6.738353999999999,0.547207,0.46943599999999996,7.760532,12679.3,469.45
2000,11,4.7571449999999995,0.58894,0.48286599999999996,5.828951999999999,6.858911999999999,0.58894,0.48443,7.939985000000001,,476.709
2000,12,4.683747,0.65991,0.477785,5.821442,8.058291,0.65991,0.47906899999999997,9.198444,,555.668
2001,1,4.947112000000001,0.717508,0.44497,6.10959,8.058063,0.717508,0.447071,9.229006,12643.3,554.872
2001,2,4.486667,0.639868,0.404069,5.530604,7.026546000000001,0.639868,0.404482,8.07248,,484.1
2001,3,5.075413,0.648935,0.45578,6.180129,7.362239,0.648935,0.456138,8.473229,,508.37
2001,4,4.780893,0.5848399999999999,0.42536599999999997,5.791098000000001,6.6205940000000005,0.5848399999999999,0.424538,7.638083999999999,12710.3,457.43
2001,5,4.985702,0.642374,0.43551599999999996,6.063592,6.542012000000001,0.642374,0.434871,7.629039,,458.93699999999995
2001,6,4.812772,0.7103649999999999,0.45461599999999996,5.977754,6.482683,0.7103649999999999,0.45126400000000005,7.6525669999999995,,456.981
2001,7,4.829644,0.722301,0.436066,5.988011,6.975619999999999,0.722301,0.43844099999999997,8.144373,12670.1,492.277
2001,8,5.041467,0.714192,0.447902,6.203561,7.134657000000001,0.714192,0.445558,8.303252,,501.56
2001,9,4.748469999999999,0.6618609999999999,0.396469,5.806801,6.340761,0.6618609999999999,0.395833,7.4005529999999995,,444.077
2001,10,5.096975,0.631394,0.409918,6.138287,6.670422,0.631394,0.412275,7.717428999999999,12705.3,461.413
2001,11,4.870083999999999,0.651034,0.401771,5.92289,6.487865,0.651034,0.401017,7.543838,,450.751
2001,12,4.809547,0.7041810000000001,0.44932799999999995,5.963056,7.0983,0.7041810000000001,0.44848000000000005,8.259886999999999,,493.92
2002,1,5.0405050000000005,0.740608,0.47654300000000005,6.257656,7.568672,0.740608,0.474999,8.792688,12822.3,520.354
2002,2,4.508687999999999,0.643836,0.428357,5.5808800000000005,6.777398,0.643836,0.428795,7.8566139999999995,,464.02
2002,3,4.80549,0.65827,0.45946400000000004,5.923225,7.23929,0.65827,0.45649700000000004,8.359268,,497.04400000000004
2002,4,4.696089,0.6102,0.488511,5.7948,6.654541,0.6102,0.488025,7.758503,12893.0,459.30199999999996
2002,5,4.847341,0.6581819999999999,0.5276489999999999,6.033172,6.612856,0.6581819999999999,0.527249,7.8004240000000005,,460.211
2002,6,4.607591,0.693055,0.533572,5.834219,6.657799000000001,0.693055,0.533004,7.890047,,466.0
2002,7,4.713075,0.735334,0.525246,5.973655,7.152411,0.735334,0.525794,8.425775999999999,12955.8,501.63800000000003
2002,8,4.818161,0.739061,0.46966099999999994,6.026882,7.126571,0.739061,0.46922299999999995,8.344959,,499.504
2002,9,4.620841,0.673308,0.431895,5.726044,6.550505,0.673308,0.431011,7.660314,,460.705
2002,10,4.729941,0.631668,0.445453,5.807062999999999,6.7200169999999995,0.631668,0.44536000000000003,7.801558,12964.0,470.32300000000004
2002,11,4.614375,0.6423949999999999,0.455854,5.712624,6.909449,0.6423949999999999,0.458059,8.013086999999999,,481.13300000000004
2002,12,4.774614,0.719511,0.48869700000000005,5.9828220000000005,7.622747,0.719511,0.488101,8.832157,,529.008
2003,1,4.809844,0.721318,0.47008900000000003,6.001251,8.039713,0.721318,0.467763,9.233317999999999,13031.2,552.616
2003,2,4.331875,0.6351359999999999,0.43733500000000003,5.404346,7.3522229999999995,0.6351359999999999,0.44076000000000004,8.431296000000001,,504.412
2003,3,4.786667,0.624624,0.508207,5.919498,7.250885,0.624624,0.5061140000000001,8.382899,,501.912
2003,4,4.661307,0.591715,0.50964,5.762662000000001,6.563808,0.591715,0.5098600000000001,7.6682380000000006,13152.1,456.166
2003,5,4.732374,0.648269,0.557612,5.938255000000001,6.456592,0.648269,0.5576810000000001,7.663905000000001,,452.425
2003,6,4.602254,0.668892,0.549082,5.820227,6.424067,0.668892,0.548222,7.642514,,455.339
2003,7,4.640939,0.725921,0.524613,5.891474,7.014799000000001,0.725921,0.523846,8.272424,13372.4,495.12699999999995
2003,8,4.714532,0.719367,0.5015189999999999,5.935418,7.162053,0.719367,0.50237,8.391316999999999,,505.042
2003,9,4.6441040000000005,0.662669,0.447111,5.753883999999999,6.499037,0.662669,0.445417,7.605774,,457.63599999999997
2003,10,4.8193839999999994,0.6254890000000001,0.45192200000000005,5.896796,6.708386,0.6254890000000001,0.452114,7.781214,13528.7,470.665
2003,11,4.497115,0.621151,0.46081099999999997,5.579077,6.753286999999999,0.621151,0.463794,7.835603,,472.983
2003,12,4.742188,0.715071,0.524525,5.981783999999999,7.684241,0.715071,0.526219,8.926274000000001,,535.564
2004,1,4.768187,0.738367,0.514255,6.020809,8.096323,0.738367,0.515175,9.350298,13606.5,559.581
2004,2,4.425521,0.668455,0.474095,5.568071,7.589797999999999,0.668455,0.47594899999999996,8.733804,,520.771
2004,3,4.8146059999999995,0.659937,0.510691,5.985234999999999,7.2633779999999994,0.659937,0.51079,8.430957000000001,,502.756
2004,4,4.641249,0.6112920000000001,0.48874700000000004,5.741288,6.692449000000001,0.6112920000000001,0.48990600000000006,7.793661999999999,13706.2,463.983
2004,5,4.61008,0.676959,0.522597,5.809636,6.765564,0.676959,0.5231779999999999,7.9663,,476.639
2004,6,4.663308,0.706331,0.531784,5.901423,6.739286999999999,0.706331,0.534463,7.982271000000001,,475.341
2004,7,4.7192,0.750556,0.523858,5.993614,7.1218770000000005,0.750556,0.524007,8.406324,13830.8,502.371
2004,8,4.741681,0.741102,0.50248,5.985263,7.099052,0.741102,0.502422,8.354273,,499.24699999999996
2004,9,4.518315,0.687539,0.479391,5.685245,6.65937,0.687539,0.480224,7.830375999999999,,467.99199999999996
2004,10,4.6228940000000005,0.652067,0.472887,5.747847,6.8177080000000005,0.652067,0.474128,7.947527,13950.4,476.93199999999996
2004,11,4.599739,0.614635,0.484745,5.6991190000000005,6.945019,0.614635,0.48564399999999996,8.050403,,485.72
2004,12,4.759239,0.715534,0.557141,6.0319139999999996,7.876444,0.715534,0.5588390000000001,9.156174,,547.477
2005,1,4.7036690000000005,0.7287279999999999,0.537035,5.969432,8.015701,0.7287279999999999,0.5379470000000001,9.287417999999999,14099.1,552.86
2005,2,4.395181,0.636042,0.489393,5.520616,7.152356,0.636042,0.489163,8.283700999999999,,494.17400000000004
2005,3,4.964711,0.642216,0.5244939999999999,6.131421,7.55195,0.642216,0.52395,8.726267,,522.039
2005,4,4.661086,0.5790310000000001,0.514339,5.754455999999999,6.6156820000000005,0.5790310000000001,0.513734,7.7147190000000005,14172.7,460.94699999999995
2005,5,4.681531,0.6571600000000001,0.5674640000000001,5.906154,6.708309,0.6571600000000001,0.5683600000000001,7.939011,,470.93699999999995
2005,6,4.675718,0.690282,0.559554,5.925553,6.914146000000001,0.690282,0.5622020000000001,8.172057,,486.825
2005,7,4.622076,0.741687,0.5618350000000001,5.925597,7.2669619999999995,0.741687,0.562531,8.580731,14291.8,513.2280000000001
2005,8,4.723162,0.744938,0.514654,5.982753,7.413572,0.744938,0.5172869999999999,8.6878,,520.924
2005,9,4.229679,0.696488,0.464168,5.390334999999999,6.621822,0.696488,0.46465500000000004,7.789263,,472.861
2005,10,4.359133,0.639055,0.475814,5.474002,6.660177,0.639055,0.47708199999999995,7.782699000000001,14373.4,473.63
2005,11,4.451119,0.656557,0.484901,5.5925769999999995,6.78902,0.656557,0.486946,7.939534,,477.94199999999995
2005,12,4.528238,0.748627,0.527161,5.804026,7.91297,0.748627,0.5297,9.198377,,552.785
2006,1,4.693698,0.750397,0.590884,6.034979,7.470393,0.750397,0.589458,8.815171000000001,14546.1,520.776
2006,2,4.2315,0.6533939999999999,0.529231,5.414125,7.004642,0.6533939999999999,0.527,8.190411,,485.966
2006,3,4.769844,0.664927,0.553158,5.987928,7.361981,0.664927,0.5517029999999999,8.584267,,511.07
2006,4,4.563701999999999,0.6007140000000001,0.577819,5.742234,6.523944,0.6007140000000001,0.5797,7.7091449999999995,14589.6,453.45
2006,5,4.762797,0.655064,0.611342,6.029203,6.678094000000001,0.655064,0.6180680000000001,7.9561850000000005,,467.273
2006,6,4.658733,0.713665,0.598581,5.970979,6.819267,0.713665,0.6082609999999999,8.146035000000001,,480.185
2006,7,4.675808,0.753266,0.568553,5.997627,7.294424,0.753266,0.573946,8.632105000000001,14602.6,513.89
2006,8,4.784173,0.751488,0.531447,6.067108999999999,7.432139,0.751488,0.537126,8.731247,,523.21
2006,9,4.579345,0.6954130000000001,0.478075,5.752833,6.606302,0.6954130000000001,0.484019,7.785736999999999,,465.681
2006,10,4.780906,0.60011,0.489353,5.870368,6.921649,0.60011,0.496691,8.019657,14716.9,485.31
2006,11,4.631319,0.640629,0.5157970000000001,5.787745,6.862516,0.640629,0.522571,8.028303999999999,,479.58099999999996
2006,12,4.744882,0.73556,0.542004,6.022444999999999,7.501847,0.73556,0.548326,8.793275999999999,,527.357
2007,1,4.7662949999999995,0.776251,0.59216,6.1347059999999995,7.838025,0.776251,0.597002,9.217768,14726.0,542.4590000000001
2007,2,4.300942,0.6841430000000001,0.488001,5.473086,7.566000999999999,0.6841430000000001,0.49098500000000006,8.750810000000001,,520.8380000000001
2007,3,4.78946,0.674497,0.57476,6.038717,7.29742,0.674497,0.5770489999999999,8.555117,,507.043
2007,4,4.591832,0.601035,0.5665140000000001,5.759380999999999,6.739492,0.601035,0.565767,7.9159440000000005,14838.7,468.848
2007,5,4.811407,0.6820430000000001,0.594208,6.087657,6.726061,0.6820430000000001,0.593561,8.013552,,473.654
2007,6,4.66717,0.722934,0.555751,5.945855,6.7986070000000005,0.722934,0.5579390000000001,8.090346,,481.395
2007,7,4.680978,0.762954,0.562032,6.005964,7.145962,0.762954,0.56147,8.48325,14938.5,505.50800000000004
2007,8,4.831601,0.763084,0.542044,6.136728,7.49518,0.763084,0.542266,8.812439999999999,,528.372
2007,9,4.581483,0.708832,0.483318,5.773632,6.737767999999999,0.708832,0.482354,7.933669,,475.94199999999995
2007,10,4.831938,0.647062,0.500596,5.979595,6.807022999999999,0.647062,0.503567,7.964517,14991.8,477.37800000000004
2007,11,4.7435220000000005,0.680729,0.5031770000000001,5.927428,6.883433999999999,0.680729,0.501355,8.074162,,481.783
2007,12,4.772485,0.755027,0.5478069999999999,6.075318,7.770058000000001,0.755027,0.549794,9.081788000000001,,539.876
2008,1,4.859584,0.739318,0.597548,6.19645,8.066247,0.739318,0.593597,9.410257000000001,14889.5,554.845
2008,2,4.596865,0.680743,0.542194,5.819801,7.416912,0.680743,0.54165,8.649724,,511.06199999999995
2008,3,4.88269,0.676417,0.604394,6.163501,7.303725,0.676417,0.5968289999999999,8.584292,,505.418
2008,4,4.79135,0.599242,0.6071989999999999,5.99779,6.617114,0.599242,0.606376,7.832058,14963.4,462.00199999999995
2008,5,4.867863,0.67756,0.668768,6.21419,6.539491,0.67756,0.664879,7.889817999999999,,460.449
2008,6,4.659152,0.734978,0.6754600000000001,6.06959,6.618345,0.734978,0.673913,8.036609,,467.841
2008,7,4.975041,0.776775,0.6462439999999999,6.39806,6.974474000000001,0.776775,0.645917,8.411883,14891.6,494.48699999999997
2008,8,4.937988,0.758994,0.599201,6.296182,6.840555999999999,0.758994,0.597434,8.211797,,484.778
2008,9,4.40615,0.700847,0.531925,5.638922,6.104693,0.700847,0.53282,7.3487979999999995,,436.54900000000004
2008,10,4.891401,0.6565979999999999,0.552128,6.100128,6.563795,0.6565979999999999,0.553949,7.779822,14577.0,461.35
2008,11,4.738032,0.662742,0.551737,5.95251,6.588885,0.662742,0.549298,7.805094,,461.709
2008,12,4.920737,0.762278,0.61475,6.297765,7.40631,0.762278,0.618025,8.793558,,516.08
2009,1,4.894487000000001,0.775038,0.626672,6.296196,7.722378,0.775038,0.622034,9.126331,14375.0,532.4209999999999
2009,2,4.501076,0.671752,0.5452229999999999,5.718051,6.649806,0.671752,0.536975,7.866567,,455.59
2009,3,4.911425,0.7032689999999999,0.6252840000000001,6.239977,6.7147179999999995,0.7032689999999999,0.623267,8.045492999999999,,459.99
2009,4,4.654185,0.6213529999999999,0.651263,5.9268,6.051653,0.6213529999999999,0.655216,7.334381,14355.6,417.775
2009,5,4.6991760000000005,0.683971,0.6931470000000001,6.076295,5.889515,0.683971,0.697389,7.280212,,411.24199999999996
2009,6,4.659088,0.729356,0.685792,6.074235,6.102856,0.729356,0.687759,7.530563000000001,,427.586
2009,7,4.796858,0.7629729999999999,0.645637,6.205469,6.385123999999999,0.7629729999999999,0.645574,7.807589999999999,14402.5,446.361
2009,8,4.804587000000001,0.755606,0.618027,6.17822,6.565902,0.755606,0.6183770000000001,7.955155,,457.824
2009,9,4.646178,0.6876979999999999,0.570906,5.904781,5.996211,0.6876979999999999,0.569214,7.263665,,416.457
2009,10,4.756574,0.606841,0.628228,5.991643,6.216283,0.606841,0.628765,7.46333,14541.9,431.286
2009,11,4.592522,0.617805,0.642567,5.852893,6.173966,0.617805,0.63748,7.437942999999999,,426.371
2009,12,4.6953949999999995,0.7395579999999999,0.692188,6.127141,7.394064999999999,0.7395579999999999,0.686281,8.830987,,509.121
2010,1,4.715521,0.758495,0.6845640000000001,6.158580000000001,7.674596000000001,0.758495,0.6747920000000001,9.122008000000001,14604.8,523.486
2010,2,4.432809,0.681945,0.6226520000000001,5.737406,6.890472,0.681945,0.616837,8.200816,,470.7
2010,3,5.007242,0.675562,0.696585,6.37939,6.816110000000001,0.675562,0.687394,8.189469,,468.24800000000005
2010,4,4.773540000000001,0.602151,0.675623,6.0513129999999995,6.078281,0.602151,0.672294,7.361624000000001,14745.9,419.74800000000005
2010,5,4.776965000000001,0.696713,0.73265,6.206329,6.233575,0.696713,0.731062,7.665864,,434.845
2010,6,4.713787,0.713885,0.768894,6.196567,6.504583,0.713885,0.771073,7.998057000000001,,456.585
2010,7,4.8674669999999995,0.75164,0.7175199999999999,6.336626,6.887003999999999,0.75164,0.717979,8.366219000000001,14845.5,483.733
2010,8,4.975638,0.748093,0.67796,6.4016910000000005,6.999944999999999,0.748093,0.67643,8.430672999999999,,489.816
2010,9,4.912294999999999,0.725068,0.641005,6.278368,6.317627,0.725068,0.6377689999999999,7.682241,,441.02099999999996
2010,10,5.017727,0.655872,0.661275,6.334873,6.173845,0.655872,0.658503,7.489694999999999,14939.0,426.412
2010,11,4.903486,0.654872,0.695959,6.2543169999999995,6.439026999999999,0.654872,0.68948,7.786086999999999,,443.281
2010,12,5.062812999999999,0.770138,0.739075,6.572025999999999,7.70799,0.770138,0.7335050000000001,9.220487,,526.7
2011,1,4.97743,0.761181,0.755268,6.493879,7.776325,0.761181,0.73944,9.286116,14881.3,528.587
2011,2,4.497827,0.677953,0.7182470000000001,5.894026,6.699789,0.677953,0.711299,8.096616000000001,,453.845
2011,3,5.160303,0.687083,0.8267030000000001,6.674089,6.812883,0.687083,0.816084,8.32452,,463.80199999999996
2011,4,4.906208,0.570783,0.8242520000000001,6.301243,6.092503,0.570783,0.815067,7.485847,14989.6,417.827
2011,5,4.9957139999999995,0.596583,0.844606,6.436903,6.120641,0.596583,0.8384590000000001,7.568041,,424.842
2011,6,4.91367,0.682987,0.836734,6.433391,6.3492180000000005,0.682987,0.8361639999999999,7.879173,,444.399
2011,7,4.938028,0.757017,0.804736,6.499781,6.801611,0.757017,0.795127,8.370024,15021.1,475.39599999999996
2011,8,5.205011,0.746487,0.754488,6.705986,6.877569,0.746487,0.7540100000000001,8.393676,,479.415
2011,9,5.051158999999999,0.6995060000000001,0.688692,6.439357,6.159358999999999,0.6995060000000001,0.6819270000000001,7.551096,,427.61300000000006
2011,10,5.299163,0.662758,0.719072,6.680992999999999,6.182237000000001,0.662758,0.71041,7.564913000000001,15190.3,424.121
2011,11,5.234871,0.674655,0.747237,6.656763000000001,6.355753,0.674655,0.736426,7.774822,,431.708
2011,12,5.335348000000001,0.751706,0.779516,6.866569999999999,7.034714,0.751706,0.769745,8.567717,,474.33
2012,1,5.405382,0.758482,0.773134,6.936999,7.144212,0.758482,0.751999,8.665664,15291.0,476.671
2012,2,4.973139,0.669053,0.695351,6.337543,6.591734,0.669053,0.6836869999999999,7.953925,,439.537
2012,3,5.210379,0.646854,0.7966810000000001,6.653914,6.215814,0.646854,0.78965,7.66258,,416.82599999999996
2012,4,4.92136,0.585471,0.770234,6.2770660000000005,5.839891000000001,0.585471,0.766281,7.204402,15362.4,390.199
2012,5,5.138287999999999,0.650551,0.812443,6.6012830000000005,6.124276,0.650551,0.809479,7.599054,,414.059
2012,6,4.99274,0.682603,0.778948,6.45429,6.247402,0.682603,0.778836,7.723032000000001,,426.88300000000004
2012,7,5.275878,0.724406,0.7500859999999999,6.750369999999999,6.789834,0.724406,0.751004,8.284578999999999,15380.8,466.92699999999996
2012,8,5.347573000000001,0.7293609999999999,0.719598,6.796531,6.746536999999999,0.7293609999999999,0.725012,8.219666,,463.19599999999997
2012,9,5.115367,0.67601,0.650584,6.441961,6.019044999999999,0.67601,0.649279,7.357989,,410.833
2012,10,5.3746220000000005,0.626049,0.682912,6.6835830000000005,6.236452,0.626049,0.688077,7.56307,15384.3,422.288
2012,11,5.263791,0.5942930000000001,0.686847,6.544931,6.462098999999999,0.5942930000000001,0.687048,7.756728999999999,,438.05
2012,12,5.2724660000000005,0.718688,0.769199,6.760353,6.886605,0.718688,0.766749,8.383393,,463.494
2013,1,5.29965,0.746119,0.797741,6.843511,7.413982000000001,0.746119,0.7967989999999999,8.971648,15491.9,493.996
2013,2,4.872782,0.64244,0.711752,6.226974,6.6362369999999995,0.64244,0.7137859999999999,8.006952,,441.89599999999996
2013,3,5.372953,0.657737,0.7790630000000001,6.809753,6.918264,0.657737,0.7812640000000001,8.37305,,463.707
2013,4,5.193779,0.5931569999999999,0.828095,6.615031,6.076251999999999,0.5931569999999999,0.8303229999999999,7.513299000000001,15521.6,409.19199999999995
2013,5,5.394032,0.6567,0.8690110000000001,6.9197429999999995,6.060583,0.6567,0.870224,7.604617,,413.849
2013,6,5.216114,0.694124,0.832404,6.742642,6.1631290000000005,0.694124,0.837883,7.713947999999999,,424.084
2013,7,5.501468,0.737064,0.823306,7.061839,6.679546,0.737064,0.8244670000000001,8.261111999999999,15641.3,459.14599999999996
2013,8,5.621765,0.7454770000000001,0.7508600000000001,7.118103,6.638514,0.7454770000000001,0.756174,8.161124000000001,,456.023
2013,9,5.405782,0.687533,0.705477,6.798792999999999,6.209405,0.687533,0.713734,7.627503,,424.648
2013,10,5.473244,0.660205,0.748438,6.881887,6.275289,0.660205,0.754023,7.7043539999999995,15793.9,424.537
2013,11,5.396088,0.678929,0.7672979999999999,6.842314999999999,6.656275,0.678929,0.76722,8.118337,,445.965
2013,12,5.429157,0.744947,0.804457,6.978561,7.496801,0.744947,0.804721,9.060861000000001,,498.991
2014,1,5.577811,0.765208,0.8298770000000001,7.172896000000001,7.981908,0.765208,0.824263,9.585656,15757.6,532.906
2014,2,5.104611,0.655141,0.712919,6.472671,7.0454360000000005,0.655141,0.711236,8.422541,,473.39
2014,3,5.777183999999999,0.6526109999999999,0.8646389999999999,7.294434,6.99032,0.6526109999999999,0.8608879999999999,8.516261,,469.45300000000003
2014,4,5.671036,0.589726,0.872368,7.13313,6.07762,0.589726,0.8707239999999999,7.549853,15935.8,409.914
2014,5,5.830938,0.658367,0.86921,7.358515,6.099528,0.658367,0.867815,7.641280999999999,,415.97900000000004
2014,6,5.648097,0.712658,0.867499,7.228254,6.178278,0.712658,0.865776,7.771889,,426.162
2014,7,5.960252,0.752422,0.834735,7.54741,6.61897,0.752422,0.8315469999999999,8.220915,16139.5,456.796
2014,8,6.047292,0.7439359999999999,0.768361,7.559589,6.662978,0.7439359999999999,0.770656,8.197410000000001,,457.38800000000003
2014,9,5.865874,0.706343,0.722957,7.295174,6.190373999999999,0.706343,0.7216779999999999,7.6363710000000005,,422.056
2014,10,6.094958,0.652547,0.772211,7.519716000000001,6.311486,0.652547,0.773287,7.752403999999999,16220.2,425.36800000000005
2014,11,5.869322,0.681301,0.816747,7.367371,6.679228999999999,0.681301,0.814856,8.191449,,447.08099999999996
2014,12,6.168623,0.767299,0.834995,7.770917,7.180598,0.767299,0.8276479999999999,8.790185000000001,,476.744
2015,1,6.106191,0.7767149999999999,0.828694,7.7116,7.682537,0.7767149999999999,0.815339,9.292407,16350.0,506.656
2015,2,5.438118,0.66368,0.771267,6.8730649999999995,7.159352,0.66368,0.76786,8.605286999999999,,472.12800000000004
2015,3,6.07864,0.67503,0.837382,7.591053,6.899031,0.67503,0.8341459999999999,8.427615,,455.827
2015,4,5.8700410000000005,0.6252260000000001,0.8338530000000001,7.32912,5.984159,0.6252260000000001,0.83309,7.462752,16460.9,395.961
2015,5,5.851244,0.6884140000000001,0.8271069999999999,7.366764999999999,6.1010029999999995,0.6884140000000001,0.8297540000000001,7.6396679999999995,,409.60900000000004
2015,6,5.612216,0.716542,0.792408,7.121167,6.3604400000000005,0.716542,0.795538,7.893255,,431.091
2015,7,5.97126,0.746829,0.818244,7.536332000000001,6.834753999999999,0.746829,0.82016,8.423065,16527.6,463.75199999999995
2015,8,6.098664,0.75732,0.792096,7.64808,6.729872,0.75732,0.797099,8.306506,,454.89099999999996
2015,9,5.886537000000001,0.69521,0.742621,7.324367999999999,6.214951,0.69521,0.750402,7.680702,,418.555
2015,10,5.959368,0.633451,0.775185,7.368003,6.184823000000001,0.633451,0.776121,7.609967,16547.6,409.788
2015,11,5.65785,0.6302399999999999,0.8271440000000001,7.115235,6.197692,0.6302399999999999,0.8239280000000001,7.669560000000001,,406.26800000000003
2015,12,5.670884,0.728229,0.882764,7.281877000000001,6.741673,0.728229,0.877134,8.364438999999999,,438.316
2016,1,5.596038,0.758537,0.8750879999999999,7.229663,7.415253999999999,0.758537,0.858424,9.053146,16571.6,483.092
2016,2,5.258625,0.686509,0.864281,6.809416000000001,6.663741,0.686509,0.8547899999999999,8.221694,,433.756
2016,3,5.4982940000000005,0.691851,0.9413590000000001,7.131504,6.3369,0.691851,0.93211,7.9783919999999995,,410.082
2016,4,5.175432,0.656112,0.8911899999999999,6.722735000000001,5.886044999999999,0.656112,0.8865120000000001,7.443178,16663.5,382.777
2016,5,5.392195,0.6963239999999999,0.9016149999999999,6.990133999999999,5.958826999999999,0.6963239999999999,0.89895,7.571813000000001,,390.22
2016,6,5.331106,0.702587,0.8582690000000001,6.8919619999999995,6.347812,0.702587,0.85282,7.924162,,424.85400000000004
2016,7,5.52796,0.735784,0.870081,7.133825,6.824567,0.735784,0.871765,8.456339,16778.1,459.208
2016,8,5.62071,0.748095,0.821794,7.190599000000001,6.932325,0.748095,0.822693,8.526185,,466.718
2016,9,5.379585,0.6845220000000001,0.788108,6.852216,6.251514,0.6845220000000001,0.786589,7.738697999999999,,418.348
2016,10,5.642508,0.63521,0.8350989999999999,7.112817999999999,6.160696,0.63521,0.830836,7.644889999999999,16851.4,409.037
2016,11,5.510708999999999,0.681705,0.835016,7.027430000000001,6.171333,0.681705,0.832775,7.706297999999999,,406.094
2016,12,5.512048,0.749517,0.9409709999999999,7.202536,7.37,0.749517,0.9342729999999999,9.070419000000001,,486.324
2017,1,5.602374,0.764768,0.926632,7.293775,7.279425,0.764768,0.9039790000000001,8.970469,16903.2,477.371
2017,2,5.202312,0.664778,0.8735870000000001,6.740676,6.076847,0.664778,0.858701,7.617325999999999,,396.656
2017,3,5.692824,0.68081,1.026651,7.400285,6.714135000000001,0.68081,1.013642,8.425732,,435.599
2017,4,5.42477,0.593479,0.997275,7.015524,5.846171,0.593479,0.993181,7.448034,17031.1,383.33
2017,5,5.66035,0.64127,1.034318,7.3359380000000005,6.098856,0.64127,1.033383,7.788017999999999,,404.22
2017,6,5.614861,0.700866,0.989713,7.305439,6.245456,0.700866,0.990561,7.954561999999999,,415.64599999999996
2017,7,5.743126,0.745875,0.923984,7.412986,6.734308,0.745875,0.918792,8.416735000000001,,451.24300000000005
2017,8,5.887331,0.757067,0.8686530000000001,7.513050999999999,6.645986,0.757067,0.864002,8.286627000000001,,444.151
2017,9,5.671567,0.712236,0.8440559999999999,7.227860000000001,6.050237,0.712236,0.834706,7.6126570000000005,,402.691
2017,10,5.985530000000001,0.690239,0.898917,7.574686,6.21255,0.690239,0.8883190000000001,7.802171,,407.717
2017,11,5.951708,0.696756,0.8904989999999999,7.538964,6.509779,0.696756,0.8744290000000001,8.091566,,425.783
2017,12,6.040833999999999,0.770824,0.921636,7.733294,7.493366,0.770824,0.902825,9.18085,,486.16900000000004
2018,1,5.98821,0.780456,0.9724700000000001,7.741135000000001,7.911403,0.780456,0.953873,9.659671000000001,,512.76
2018,2,5.604953,0.67738,0.917637,7.1999699999999995,6.476135,0.67738,0.891967,8.057493,,415.379
2018,3,6.266706,0.7008260000000001,1.011223,7.978756,6.989596000000001,0.7008260000000001,0.9957969999999999,8.701244,,447.494
2018,4,5.960095,0.618237,1.018357,7.596689,6.251254,0.618237,1.001242,7.880653,,403.548
2018,5,6.212431,0.703833,1.049282,7.965546000000001,6.218827,0.703833,1.0400200000000002,7.976661999999999,,407.095
2018,6,6.09847,0.728583,1.0298459999999998,7.856899,6.37972,0.728583,1.01454,8.137442,,420.973
2018,7,6.407852,0.757528,0.945119,8.110499,6.9029229999999995,0.757528,0.92827,8.603854,,454.267
2018,8,6.692408,0.755713,0.948886,8.397008,6.975655000000001,0.755713,0.934249,8.682683,,459.615
2018,9,6.443023,0.676697,0.865466,7.985187,6.321746,0.676697,0.845102,7.8544279999999995,,414.69699999999995
2018,10,6.742906,0.620995,0.901608,8.265509,6.564228,0.620995,0.883518,8.078413000000001,,426.469
2018,11,6.602850999999999,0.668643,0.9054,8.176894,6.943405,0.668643,0.8873049999999999,8.50798,,448.639
2018,12,6.787453,0.7491770000000001,0.9430700000000001,8.479700999999999,7.336233999999999,0.7491770000000001,0.9250940000000001,9.021336,,473.473
2019,1,6.814383,0.7705420000000001,0.964565,8.549491,7.822108999999999,0.7705420000000001,0.9405700000000001,9.544621000000001,,498.925
2019,2,6.133633000000001,0.6765939999999999,0.8849030000000001,7.695130000000001,6.825819999999999,0.6765939999999999,0.8719040000000001,8.385011,,432.3
2019,3,6.678952000000001,0.680408,1.003543,8.362903,7.0101130000000005,0.680408,0.9913209999999999,8.690033999999999,,447.61400000000003
2019,4,6.659785,0.633374,1.0400479999999999,8.333207000000002,6.004555,0.633374,1.023097,7.669167999999999,,383.029
2019,5,6.88793,0.7017770000000001,1.070913,8.660619,6.167641000000001,0.7017770000000001,1.059944,7.939739,,398.837
2019,6,6.596622999999999,0.719355,1.009376,8.325353999999999,6.190298,0.719355,0.996843,7.918883,,402.30699999999996
2019,7,6.782804,0.754836,0.992281,8.529921,6.830019999999999,0.754836,0.977942,8.575372999999999,,443.88699999999994
2019,8,7.064342999999999,0.751826,0.94791,8.764078999999999,6.870781,0.751826,0.9322389999999999,8.568766,,444.70099999999996
2019,9,6.804117999999999,0.690695,0.897109,8.391922000000001,6.278943,0.690695,0.8843,7.865937,,404.824
2019,10,7.052141000000001,0.648551,0.9334399999999999,8.634132000000001,6.374483000000001,0.648551,0.9236190000000001,7.954147,,405.721
2019,11,6.848692,0.670431,0.924473,8.443597,6.807786999999999,0.670431,0.9099379999999999,8.400423,,432.505
2019,12,7.015480999999999,0.763984,0.968694,8.748159,7.2108550000000005,0.763984,0.9491139999999999,8.937727,,454.153
2020,1,7.001289,0.775803,0.9968309999999999,8.773923,7.201455,0.775803,0.973065,8.961181,,449.027
2020,2,6.424987000000001,0.689511,0.9931909999999999,8.107689,6.640333,0.689511,0.971801,8.311305,,414.87
2020,3,6.799616,0.669091,0.995023,8.463728999999999,6.197548,0.669091,0.96383,7.843358,,385.39
2020,4,6.260001,0.6186229999999999,0.9194389999999999,7.798062,4.976704,0.6186229999999999,0.910557,6.516843,,305.491
2020,5,5.862867,0.672653,1.0402120000000001,7.575732,5.132514,0.672653,1.041498,6.859155,,318.94
2020,6,5.888229,0.702629,1.060066,7.650925,5.524553,0.702629,1.053109,7.293597,,348.909
2020,7,6.300145,0.725425,1.003547,8.029117,6.370432,0.725425,0.993159,8.105214,,406.36699999999996
